LA date,LA pm25,LA o3,LA no2,LA co,NY date,NY pm25,NY o3,NY no2,NY co
12/31/2022,16,27,3,1,12/31/2022,65,21,15,2
12/30/2022,40,15,7,2,12/30/2022,85,7,33,8
12/29/2022,37,13,19,3,12/29/2022,70,8,43,7
12/28/2022,31,18,14,3,12/28/2022,58,5,40,4
12/27/2022,53,21,13,3,12/27/2022,53,13,30,3
12/26/2022,33,20,27,7,12/26/2022,48,18,21,2
12/25/2022,39,19,21,5,12/25/2022,45,19,15,2
12/24/2022,67,30,16,5,12/24/2022,46,18,12,1
12/23/2022,82,21,27,9,12/23/2022,42,17,9,1
12/22/2022,59,11,34,11,12/22/2022,29,28,7,1
12/21/2022,58,12,32,8,12/21/2022,44,24,20,4
12/20/2022,50,15,30,9,12/20/2022,24,8,25,3
12/19/2022,68,20,27,6,12/19/2022,31,17,13,1
12/18/2022,44,21,28,7,12/18/2022,33,14,13,2
12/17/2022,40,22,20,5,12/17/2022,32,17,12,2
12/16/2022,42,20,23,5,12/16/2022,44,17,11,3
12/15/2022,51,17,25,6,12/15/2022,25,23,10,1
12/14/2022,50,12,26,7,12/14/2022,34,22,17,2
12/13/2022,40,21,22,5,12/13/2022,38,21,13,1
12/12/2022,24,22,18,5,12/12/2022,31,16,16,2
12/11/2022,23,23,15,4,12/11/2022,27,16,12,1
12/10/2022,44,29,7,2,12/10/2022,29,17,11,2
12/9/2022,48,23,18,5,12/9/2022,26,18,12,1
12/8/2022,39,19,23,5,12/8/2022,24,20,10,1
12/7/2022,41,25,18,4,12/7/2022,45,15,11,2
12/6/2022,29,25,18,5,12/6/2022,52,20,23,6
12/5/2022,24,22,16,3,12/5/2022,52,26,25,4
12/4/2022,38,28,14,3,12/4/2022,30,14,31,6
12/3/2022,37,16,15,5,12/3/2022,33,22,13,2
12/2/2022,25,21,15,4,12/2/2022,36,17,16,2
12/1/2022,30,21,13,3,12/1/2022,38,13,23,4
11/30/2022,47,25,13,2,11/30/2022,34,17,10,2
11/29/2022,51,27,15,4,11/29/2022,34,22,18,3
11/28/2022,56,29,17,4,11/28/2022,31,11,21,2
11/27/2022,61,31,12,3,11/27/2022,44,19,9,2
11/26/2022,46,35,21,6,11/26/2022,27,16,18,6
11/25/2022,43,26,24,6,11/25/2022,41,23,11,3
11/24/2022,65,30,20,6,11/24/2022,48,24,14,3
11/23/2022,62,28,29,8,11/23/2022,56,24,21,3
11/22/2022,37,19,34,7,11/22/2022,52,21,27,5
11/21/2022,37,25,27,4,11/21/2022,31,14,29,4
11/20/2022,40,26,25,4,11/20/2022,33,14,19,3
11/19/2022,45,33,21,5,11/19/2022,38,21,11,2
11/18/2022,53,29,23,6,11/18/2022,42,17,13,2
11/17/2022,38,22,29,7,11/17/2022,38,18,14,2
11/16/2022,37,27,28,7,11/16/2022,NaN,15,14,2
11/15/2022,41,18,28,7,11/15/2022,21,14,NaN,NaN
11/14/2022,39,22,28,6,11/14/2022,28,19,18,1
11/13/2022,40,26,22,6,11/13/2022,27,23,9,1
11/12/2022,38,31,15,4,11/12/2022,41,14,5,1
11/11/2022,32,28,19,4,11/11/2022,41,24,7,1
11/10/2022,34,28,21,4,11/10/2022,43,100,21,4
11/9/2022,22,23,19,4,11/9/2022,26,15,28,3
11/8/2022,17,27,13,3,11/8/2022,23,18,14,2
11/7/2022,30,27,10,2,11/7/2022,26,22,7,1
11/6/2022,46,20,11,2,11/6/2022,39,31,9,1
11/5/2022,46,37,16,5,11/5/2022,30,22,9,2
11/4/2022,24,26,24,5,11/4/2022,47,24,10,1
11/3/2022,15,26,18,3,11/3/2022,49,17,26,4
11/2/2022,23,30,6,1,11/2/2022,44,23,25,3
11/1/2022,54,27,8,2,11/1/2022,40,28,20,3
10/31/2022,59,33,13,3,10/31/2022,50,13,16,2
10/30/2022,58,32,31,7,10/30/2022,63,17,28,4
10/29/2022,57,49,25,7,10/29/2022,36,18,26,4
10/28/2022,60,40,24,6,10/28/2022,32,20,20,3
10/27/2022,52,37,27,6,10/27/2022,23,16,12,2
10/26/2022,39,38,23,4,10/26/2022,29,23,7,1
10/25/2022,36,34,21,5,10/25/2022,50,18,15,1
10/24/2022,34,32,24,4,10/24/2022,29,10,15,3
10/23/2022,31,33,15,3,10/23/2022,38,18,9,2
10/22/2022,43,33,7,2,10/22/2022,55,25,13,3
10/21/2022,50,33,5,2,10/21/2022,45,28,31,3
10/20/2022,38,38,13,3,10/20/2022,26,18,27,3
10/19/2022,31,41,25,4,10/19/2022,26,21,14,2
10/18/2022,48,42,25,4,10/18/2022,33,13,12,2
10/17/2022,38,50,23,5,10/17/2022,41,17,9,2
10/16/2022,30,34,15,4,10/16/2022,44,25,21,3
10/15/2022,30,31,7,2,10/15/2022,46,21,13,2
10/14/2022,53,29,7,1,10/14/2022,32,33,16,3
10/13/2022,71,27,12,2,10/13/2022,28,26,14,2
10/12/2022,44,36,12,3,10/12/2022,42,30,14,1
10/11/2022,51,36,7,2,10/11/2022,52,37,16,2
10/10/2022,61,36,9,2,10/10/2022,41,25,24,3
10/9/2022,58,37,10,2,10/9/2022,33,27,20,2
10/8/2022,69,39,7,2,10/8/2022,20,27,13,2
10/7/2022,72,51,14,4,10/7/2022,46,20,4,1
10/6/2022,66,51,13,3,10/6/2022,35,40,19,2
10/5/2022,61,42,11,3,10/5/2022,27,32,12,2
10/4/2022,50,44,14,3,10/4/2022,24,11,9,1
10/3/2022,40,39,16,4,10/3/2022,17,14,8,1
10/2/2022,43,37,11,3,10/2/2022,19,17,6,1
10/1/2022,43,42,2,1,10/1/2022,21,20,3,1
9/30/2022,50,37,3,1,9/30/2022,21,16,5,1
9/29/2022,51,34,9,2,9/29/2022,17,19,7,1
9/28/2022,59,42,14,3,9/28/2022,18,20,7,1
9/27/2022,56,59,21,6,9/27/2022,24,20,7,1
9/26/2022,50,49,27,6,9/26/2022,25,21,9,1
9/25/2022,50,41,22,5,9/25/2022,30,26,10,1
9/24/2022,48,42,17,4,9/24/2022,17,28,12,2
9/23/2022,47,48,14,4,9/23/2022,10,23,6,1
9/22/2022,33,53,20,4,9/22/2022,33,24,4,1
9/21/2022,27,30,16,3,9/21/2022,27,26,11,2
9/20/2022,20,27,9,2,9/20/2022,30,36,9,2
9/19/2022,24,21,8,2,9/19/2022,51,25,7,1
9/18/2022,44,27,10,2,9/18/2022,40,40,13,2
9/17/2022,55,33,4,1,9/17/2022,21,41,10,2
9/16/2022,56,38,10,3,9/16/2022,21,40,5,1
9/15/2022,45,41,15,3,9/15/2022,24,26,15,2
9/14/2022,46,35,12,2,9/14/2022,29,25,6,1
9/13/2022,51,31,10,1,9/13/2022,27,29,8,1
9/12/2022,23,30,10,2,9/12/2022,33,33,14,2
9/11/2022,24,23,7,1,9/11/2022,30,8,13,2
9/10/2022,28,31,5,1,9/10/2022,40,19,11,2
9/9/2022,36,21,8,1,9/9/2022,35,33,12,2
9/8/2022,53,24,15,2,9/8/2022,25,28,13,2
9/7/2022,61,40,22,4,9/7/2022,19,30,11,1
9/6/2022,52,50,22,4,9/6/2022,30,22,7,1
9/5/2022,51,55,17,3,9/5/2022,45,24,13,2
9/4/2022,48,64,12,3,9/4/2022,36,40,9,2
9/3/2022,57,69,15,3,9/3/2022,23,40,9,2
9/2/2022,62,67,17,3,9/2/2022,16,32,9,2
9/1/2022,62,52,23,4,9/1/2022,29,31,7,1
8/31/2022,61,57,25,4,8/31/2022,26,35,7,1
8/30/2022,59,44,30,5,8/30/2022,25,29,6,1
8/29/2022,40,37,20,3,8/29/2022,40,26,8,1
8/28/2022,31,31,9,2,8/28/2022,40,32,9,1
8/27/2022,40,31,4,1,8/27/2022,52,35,4,1
8/26/2022,43,32,10,2,8/26/2022,58,45,7,2
8/25/2022,42,35,11,2,8/25/2022,42,34,20,2
8/24/2022,48,35,14,2,8/24/2022,37,42,10,1
8/23/2022,55,35,16,2,8/23/2022,34,35,7,1
8/22/2022,40,43,17,3,8/22/2022,28,41,10,1
8/21/2022,45,33,7,2,8/21/2022,31,23,11,2
8/20/2022,46,32,5,1,8/20/2022,49,34,6,1
8/19/2022,49,38,8,2,8/19/2022,45,42,10,2
8/18/2022,37,42,16,3,8/18/2022,39,47,11,2
8/17/2022,44,32,10,2,8/17/2022,29,33,11,1
8/16/2022,56,38,15,3,8/16/2022,26,26,10,1
8/15/2022,59,45,19,4,8/15/2022,25,33,8,1
8/14/2022,57,47,20,4,8/14/2022,NaN,48,12,1
8/13/2022,56,59,15,3,8/13/2022,15,NaN,NaN,NaN
8/12/2022,54,57,16,4,8/12/2022,21,98,3,1
8/11/2022,42,44,20,4,8/11/2022,38,22,3,1
8/10/2022,53,39,19,3,8/10/2022,24,48,10,1
8/9/2022,51,45,20,3,8/9/2022,41,40,7,1
8/8/2022,58,46,20,3,8/8/2022,35,42,8,1
8/7/2022,53,43,16,3,8/7/2022,26,40,11,1
8/6/2022,45,49,17,4,8/6/2022,29,30,6,1
8/5/2022,44,29,12,2,8/5/2022,44,49,10,2
8/4/2022,47,29,14,2,8/4/2022,51,50,14,2
8/3/2022,43,30,10,2,8/3/2022,37,56,NaN,2
8/2/2022,37,33,9,2,8/2/2022,41,46,NaN,2
8/1/2022,38,25,6,1,8/1/2022,34,43,25,2
7/31/2022,38,28,7,2,7/31/2022,24,31,13,3
7/30/2022,45,41,8,2,7/30/2022,23,36,7,2
7/29/2022,42,29,12,2,7/29/2022,41,28,4,1
7/28/2022,47,36,14,2,7/28/2022,46,35,9,1
7/27/2022,46,30,13,2,7/27/2022,33,48,14,2
7/26/2022,54,39,9,2,7/26/2022,26,56,13,2
7/25/2022,55,40,9,2,7/25/2022,67,36,NaN,1
7/24/2022,57,42,9,2,7/24/2022,59,33,NaN,2
7/23/2022,58,45,6,2,7/23/2022,58,50,NaN,2
7/22/2022,53,40,7,1,7/22/2022,51,58,NaN,2
7/21/2022,52,42,10,2,7/21/2022,53,50,NaN,2
7/20/2022,51,40,12,2,7/20/2022,NaN,51,NaN,2
7/19/2022,47,35,14,2,7/19/2022,38,61,NaN,NaN
7/18/2022,53,38,11,3,7/18/2022,40,39,5,1
7/17/2022,55,34,13,2,7/17/2022,33,28,17,3
7/16/2022,61,47,10,2,7/16/2022,34,44,11,2
7/15/2022,47,49,13,3,7/15/2022,25,48,6,2
7/14/2022,39,40,9,2,7/14/2022,22,39,7,1
7/13/2022,44,29,9,2,7/13/2022,28,46,6,1
7/12/2022,56,33,7,2,7/12/2022,30,54,7,1
7/11/2022,57,31,10,2,7/11/2022,19,56,10,1
7/10/2022,55,33,11,2,7/10/2022,21,45,9,1
7/9/2022,51,41,13,2,7/9/2022,23,35,5,1
7/8/2022,46,37,9,2,7/8/2022,27,34,8,2
7/7/2022,41,34,9,2,7/7/2022,10,36,18,3
7/6/2022,35,29,11,2,7/6/2022,19,31,6,1
7/5/2022,89,21,9,1,7/5/2022,53,35,5,1
7/4/2022,62,32,9,2,7/4/2022,38,40,15,2
7/3/2022,49,38,5,1,7/3/2022,29,35,7,1
7/2/2022,53,35,6,1,7/2/2022,28,45,5,1
7/1/2022,61,37,9,2,7/1/2022,43,60,6,3
6/30/2022,64,42,12,2,6/30/2022,34,48,14,2
6/29/2022,59,48,13,2,6/29/2022,30,50,12,2
6/28/2022,61,42,14,2,6/28/2022,19,31,18,3
6/27/2022,59,55,19,4,6/27/2022,34,22,9,1
6/26/2022,63,56,16,3,6/26/2022,39,50,13,2
6/25/2022,60,53,10,3,6/25/2022,45,52,11,4
6/24/2022,58,43,10,3,6/24/2022,38,38,11,3
6/23/2022,57,46,15,3,6/23/2022,21,33,16,3
6/22/2022,64,43,10,2,6/22/2022,23,40,10,1
6/21/2022,69,43,11,2,6/21/2022,49,37,16,1
6/20/2022,56,41,16,3,6/20/2022,25,31,21,3
6/19/2022,49,58,17,3,6/19/2022,9,25,6,2
6/18/2022,46,36,9,2,6/18/2022,9,27,2,NaN
6/17/2022,56,39,8,1,6/17/2022,30,40,1,1
6/16/2022,69,41,7,1,6/16/2022,12,24,9,2
6/15/2022,62,46,11,2,6/15/2022,23,37,10,1
6/14/2022,53,46,13,2,6/14/2022,16,35,12,1
6/13/2022,41,42,9,1,6/13/2022,37,51,7,1
6/12/2022,58,30,7,1,6/12/2022,26,37,10,3
6/11/2022,54,47,9,2,6/11/2022,28,32,9,3
6/10/2022,68,45,12,3,6/10/2022,16,33,11,3
6/9/2022,64,60,17,4,6/9/2022,14,37,5,1
6/8/2022,58,59,12,2,6/8/2022,21,44,8,1
6/7/2022,53,41,11,2,6/7/2022,17,30,9,2
6/6/2022,36,36,12,2,6/6/2022,26,45,8,2
6/5/2022,37,34,9,1,6/5/2022,14,42,14,4
6/4/2022,43,34,7,1,6/4/2022,31,45,6,1
6/3/2022,57,29,6,1,6/3/2022,29,33,13,2
6/2/2022,65,40,9,2,6/2/2022,23,31,12,2
6/1/2022,66,40,12,2,6/1/2022,16,22,14,2
5/31/2022,61,41,16,3,5/31/2022,39,42,8,1
5/30/2022,53,40,11,2,5/30/2022,46,47,7,2
5/29/2022,34,34,6,1,5/29/2022,23,38,14,3
5/28/2022,36,31,6,1,5/28/2022,17,29,6,1
5/27/2022,42,31,6,1,5/27/2022,23,21,7,1
5/26/2022,58,34,6,1,5/26/2022,17,27,10,2
5/25/2022,76,40,10,2,5/25/2022,13,25,10,1
5/24/2022,70,53,14,3,5/24/2022,13,24,10,1
5/23/2022,60,45,10,2,5/23/2022,12,29,11,1
5/22/2022,50,39,11,2,5/22/2022,54,43,4,1
5/21/2022,33,37,7,2,5/21/2022,53,54,12,3
5/20/2022,32,34,5,1,5/20/2022,38,25,15,4
5/19/2022,64,33,9,2,5/19/2022,29,24,NaN,3
5/18/2022,60,34,12,2,5/18/2022,15,34,NaN,2
5/17/2022,54,42,11,2,5/17/2022,16,36,NaN,1
5/16/2022,60,34,10,2,5/16/2022,36,32,NaN,1
5/15/2022,57,38,9,2,5/15/2022,9,27,NaN,3
5/14/2022,53,47,18,4,5/14/2022,13,20,11,2
5/13/2022,44,84,23,5,5/13/2022,16,16,14,3
5/12/2022,37,48,23,4,5/12/2022,22,29,11,2
5/11/2022,29,45,15,3,5/11/2022,44,37,13,2
5/10/2022,40,36,9,2,5/10/2022,31,39,13,2
5/9/2022,46,34,12,2,5/9/2022,22,41,7,1
5/8/2022,48,38,9,2,5/8/2022,22,31,7,1
5/7/2022,52,33,4,1,5/7/2022,24,36,4,1
5/6/2022,62,36,8,2,5/6/2022,29,33,8,1
5/5/2022,67,41,20,4,5/5/2022,26,32,NaN,3
5/4/2022,63,44,17,3,5/4/2022,49,19,NaN,2
5/3/2022,57,48,16,3,5/3/2022,28,30,12,2
5/2/2022,54,41,10,2,5/2/2022,41,28,8,1
5/1/2022,62,39,7,2,5/1/2022,38,40,17,2
4/30/2022,62,48,10,2,4/30/2022,25,35,16,2
4/29/2022,60,50,16,4,4/29/2022,23,36,9,1
4/28/2022,58,45,15,3,4/28/2022,19,35,7,1
4/27/2022,65,41,8,2,4/27/2022,18,26,5,1
4/26/2022,59,41,9,2,4/26/2022,36,24,5,1
4/25/2022,36,40,21,3,4/25/2022,25,27,NaN,2
4/24/2022,34,49,18,3,4/24/2022,28,36,NaN,2
4/23/2022,45,44,12,3,4/23/2022,21,31,NaN,2
4/22/2022,31,38,14,3,4/22/2022,27,34,NaN,2
4/21/2022,25,35,5,1,4/21/2022,35,32,NaN,2
4/20/2022,36,30,10,2,4/20/2022,32,29,NaN,3
4/19/2022,42,34,7,1,4/19/2022,21,26,NaN,2
4/18/2022,49,29,11,2,4/18/2022,9,24,NaN,1
4/17/2022,36,40,15,3,4/17/2022,10,27,NaN,1
4/16/2022,29,35,5,1,4/16/2022,16,37,NaN,1
4/15/2022,45,26,4,1,4/15/2022,13,39,NaN,2
4/14/2022,48,36,12,2,4/14/2022,44,30,NaN,2
4/13/2022,35,42,15,3,4/13/2022,43,38,NaN,4
4/12/2022,26,40,12,2,4/12/2022,33,36,NaN,6
4/11/2022,57,39,3,1,4/11/2022,30,24,NaN,4
4/10/2022,70,35,6,1,4/10/2022,19,26,NaN,2
4/9/2022,67,42,4,1,4/9/2022,22,29,NaN,1
4/8/2022,47,49,17,3,4/8/2022,26,35,NaN,3
4/7/2022,57,45,21,4,4/7/2022,34,30,15,3
4/6/2022,65,54,26,5,4/6/2022,75,31,13,2
4/5/2022,64,60,23,4,4/5/2022,NaN,30,11,2
4/4/2022,59,32,25,4,4/4/2022,NaN,30,NaN,NaN
4/3/2022,46,36,11,3,4/3/2022,NaN,28,NaN,NaN
4/2/2022,55,40,3,1,4/2/2022,NaN,28,NaN,NaN
4/1/2022,55,39,8,2,4/1/2022,NaN,31,NaN,NaN
3/31/2022,51,39,11,3,3/31/2022,57,28,NaN,NaN
3/30/2022,48,30,11,2,3/30/2022,34,31,28,5
3/29/2022,38,31,12,2,3/29/2022,38,23,NaN,2
3/28/2022,33,31,13,3,3/28/2022,40,28,NaN,2
3/27/2022,44,31,9,1,3/27/2022,23,28,NaN,1
3/26/2022,67,37,4,1,3/26/2022,26,27,NaN,2
3/25/2022,61,37,15,4,3/25/2022,31,26,NaN,2
3/24/2022,46,40,24,5,3/24/2022,23,26,19,3
3/23/2022,40,42,24,4,3/23/2022,17,23,10,2
3/22/2022,51,42,22,5,3/22/2022,20,24,11,1
3/21/2022,55,42,25,5,3/21/2022,25,35,8,1
3/20/2022,21,34,18,3,3/20/2022,15,36,7,1
3/19/2022,57,35,3,1,3/19/2022,47,28,5,1
3/18/2022,56,34,16,3,3/18/2022,63,30,19,3
3/17/2022,52,39,26,5,3/17/2022,66,30,NaN,3
3/16/2022,40,36,19,4,3/16/2022,55,23,NaN,3
3/15/2022,56,35,17,3,3/15/2022,46,36,NaN,2
3/14/2022,47,36,25,5,3/14/2022,44,36,NaN,3
3/13/2022,50,39,17,3,3/13/2022,42,29,NaN,3
3/12/2022,31,40,17,4,3/12/2022,33,27,NaN,2
3/11/2022,38,42,22,4,3/11/2022,47,31,14,2
3/10/2022,49,40,22,4,3/10/2022,57,30,36,4
3/9/2022,39,35,13,2,3/9/2022,27,25,29,4
3/8/2022,34,36,21,4,3/8/2022,29,16,26,3
3/7/2022,40,35,24,5,3/7/2022,54,33,7,1
3/6/2022,29,31,24,5,3/6/2022,60,30,16,2
3/5/2022,27,34,12,3,3/5/2022,53,25,20,4
3/4/2022,27,34,9,2,3/4/2022,36,25,NaN,3
3/3/2022,57,31,9,2,3/3/2022,NaN,25,14,2
3/2/2022,54,40,27,5,3/2/2022,NaN,29,NaN,NaN
3/1/2022,29,34,36,6,3/1/2022,32,30,NaN,NaN
2/28/2022,37,34,28,5,2/28/2022,32,26,29,2
2/27/2022,27,32,32,6,2/27/2022,46,29,11,1
2/26/2022,39,40,19,4,2/26/2022,46,33,12,2
2/25/2022,39,34,24,5,2/25/2022,31,28,10,2
2/24/2022,26,31,24,4,2/24/2022,29,19,NaN,2
2/23/2022,13,31,18,3,2/23/2022,44,22,NaN,1
2/22/2022,23,32,5,1,2/22/2022,56,28,NaN,2
2/21/2022,38,33,7,1,2/21/2022,49,24,NaN,5
2/20/2022,56,33,11,2,2/20/2022,32,16,NaN,3
2/19/2022,35,36,16,4,2/19/2022,35,28,NaN,2
2/18/2022,26,38,22,4,2/18/2022,36,31,NaN,2
2/17/2022,29,35,25,4,2/17/2022,35,29,NaN,1
2/16/2022,28,34,20,4,2/16/2022,35,27,NaN,2
2/15/2022,34,26,18,3,2/15/2022,46,24,NaN,3
2/14/2022,46,30,8,1,2/14/2022,48,25,NaN,2
2/13/2022,31,31,27,5,2/13/2022,33,26,NaN,2
2/12/2022,34,42,19,4,2/12/2022,39,20,6,2
2/11/2022,42,35,29,7,2/11/2022,43,27,14,2
2/10/2022,34,32,34,8,2/10/2022,40,29,30,4
2/9/2022,33,30,29,6,2/9/2022,56,26,29,4
2/8/2022,27,28,33,7,2/8/2022,49,15,26,3
2/7/2022,32,32,30,6,2/7/2022,53,26,19,3
2/6/2022,39,32,29,6,2/6/2022,32,6,32,6
2/5/2022,31,31,28,7,2/5/2022,59,25,NaN,2
2/4/2022,36,31,27,6,2/4/2022,28,26,NaN,2
2/3/2022,38,26,30,6,2/3/2022,49,21,NaN,3
2/2/2022,49,24,29,6,2/2/2022,54,4,NaN,5
2/1/2022,62,29,26,5,2/1/2022,53,6,NaN,5
1/31/2022,65,29,25,5,1/31/2022,55,23,NaN,4
1/30/2022,41,17,33,7,1/30/2022,46,18,NaN,4
1/29/2022,34,29,25,5,1/29/2022,34,26,NaN,2
1/28/2022,34,17,31,6,1/28/2022,52,28,NaN,2
1/27/2022,32,30,30,7,1/27/2022,47,12,NaN,4
1/26/2022,49,25,30,6,1/26/2022,39,20,NaN,3
1/25/2022,54,25,30,6,1/25/2022,72,25,NaN,2
1/24/2022,44,23,29,6,1/24/2022,64,23,NaN,2
1/23/2022,23,20,30,6,1/23/2022,55,18,NaN,3
1/22/2022,21,28,23,4,1/22/2022,41,19,NaN,2
1/21/2022,32,32,12,2,1/21/2022,39,20,NaN,2
1/20/2022,40,32,21,5,1/20/2022,51,24,NaN,2
1/19/2022,53,28,25,7,1/19/2022,49,22,NaN,2
1/18/2022,38,23,18,5,1/18/2022,56,16,NaN,3
1/17/2022,43,28,18,3,1/17/2022,40,26,NaN,1
1/16/2022,24,20,21,3,1/16/2022,47,25,9,2
1/15/2022,40,27,18,3,1/15/2022,46,23,15,2
1/14/2022,65,19,26,7,1/14/2022,54,22,12,2
1/13/2022,50,15,39,11,1/13/2022,73,20,19,3
1/12/2022,29,3,41,9,1/12/2022,52,1,42,8
1/11/2022,19,15,34,7,1/11/2022,79,12,28,3
1/10/2022,22,23,28,4,1/10/2022,111,22,16,2
1/9/2022,52,17,28,5,1/9/2022,113,25,NaN,1
1/8/2022,53,28,23,6,1/8/2022,108,NaN,NaN,NaN
1/7/2022,85,31,17,4,1/7/2022,112,25,NaN,2
1/6/2022,69,22,33,9,1/6/2022,113,21,NaN,2
1/5/2022,74,10,43,10,1/5/2022,114,18,NaN,2
1/4/2022,56,12,35,10,1/4/2022,77,12,NaN,3
1/3/2022,31,18,27,7,1/3/2022,29,18,NaN,2
1/2/2022,29,24,23,5,1/2/2022,96,21,NaN,2
1/1/2022,46,28,18,4,1/1/2022,92,15,NaN,3
12/31/2021,30,28,14,4,12/31/2021,90,8,19,3
12/30/2021,12,21,16,3,12/30/2021,91,9,23,3
12/29/2021,27,24,9,2,12/29/2021,115,1,22,4
12/28/2021,27,23,16,3,12/28/2021,107,5,18,3
12/27/2021,31,27,20,4,12/27/2021,112,8,22,3
12/26/2021,20,21,20,4,12/26/2021,78,15,17,2
12/25/2021,36,27,12,3,12/25/2021,113,22,7,2
12/24/2021,20,28,12,3,12/24/2021,115,4,24,6
12/23/2021,40,29,10,2,12/23/2021,106,9,19,3
12/22/2021,70,24,23,4,12/22/2021,116,19,NaN,1
12/21/2021,51,7,38,9,12/21/2021,114,21,NaN,3
12/20/2021,69,12,33,6,12/20/2021,110,5,NaN,4
12/19/2021,47,15,32,9,12/19/2021,109,18,NaN,2
12/18/2021,34,21,25,6,12/18/2021,85,20,NaN,2
12/17/2021,48,24,25,6,12/17/2021,102,13,NaN,3
12/16/2021,37,14,27,6,12/16/2021,97,25,NaN,2
12/15/2021,28,14,25,5,12/15/2021,114,13,17,3
12/14/2021,13,21,22,4,12/14/2021,110,19,26,3
12/13/2021,51,28,11,2,12/13/2021,111,20,20,2
12/12/2021,44,15,27,5,12/12/2021,114,13,22,2
12/11/2021,35,27,22,5,12/11/2021,108,26,8,1
12/10/2021,34,25,22,4,12/10/2021,111,24,21,5
12/9/2021,23,19,23,4,12/9/2021,115,12,32,4
12/8/2021,63,28,13,2,12/8/2021,111,19,NaN,3
12/7/2021,66,31,19,5,12/7/2021,107,10,NaN,3
12/6/2021,96,23,22,4,12/6/2021,101,18,NaN,2
12/5/2021,101,24,32,8,12/5/2021,111,25,NaN,3
12/4/2021,106,20,26,7,12/4/2021,112,21,NaN,3
12/3/2021,122,29,22,5,12/3/2021,109,17,NaN,3
12/2/2021,99,25,26,6,12/2/2021,108,25,NaN,1
12/1/2021,109,27,31,8,12/1/2021,112,23,14,3
11/30/2021,93,7,45,14,11/30/2021,114,20,12,3
11/29/2021,NaN,9,50,14,11/29/2021,114,10,15,3
11/28/2021,NaN,20,42,10,11/28/2021,114,20,10,3
11/27/2021,51,34,28,9,11/27/2021,110,15,15,4
11/26/2021,40,27,30,7,11/26/2021,109,22,5,2
11/25/2021,37,30,26,6,11/25/2021,113,17,14,3
11/24/2021,46,32,25,6,11/24/2021,113,11,24,4
11/23/2021,38,25,29,6,11/23/2021,115,20,13,2
11/22/2021,28,24,29,6,11/22/2021,105,22,8,2
11/21/2021,61,25,27,5,11/21/2021,103,16,10,2
11/20/2021,117,30,25,6,11/20/2021,115,23,14,2
11/19/2021,100,27,23,6,11/19/2021,114,19,NaN,2
11/18/2021,75,23,23,5,11/18/2021,110,19,NaN,2
11/17/2021,77,25,23,7,11/17/2021,98,25,NaN,3
11/16/2021,81,22,20,4,11/16/2021,93,20,NaN,4
11/15/2021,54,19,25,5,11/15/2021,93,17,NaN,3
11/14/2021,47,28,29,6,11/14/2021,93,15,NaN,2
11/13/2021,33,41,27,7,11/13/2021,96,13,NaN,2
11/12/2021,30,33,27,6,11/12/2021,101,25,NaN,4
11/11/2021,33,27,30,7,11/11/2021,97,31,NaN,1
11/10/2021,73,27,31,6,11/10/2021,97,25,NaN,3
11/9/2021,55,30,25,5,11/9/2021,96,27,NaN,4
11/8/2021,84,24,77,3,11/8/2021,89,27,NaN,5
11/7/2021,124,33,19,4,11/7/2021,88,28,NaN,3
11/6/2021,135,42,15,5,11/6/2021,86,23,NaN,3
11/5/2021,109,39,16,4,11/5/2021,92,24,NaN,3
11/4/2021,92,18,33,7,11/4/2021,91,21,19,2
11/3/2021,74,20,27,6,11/3/2021,91,22,17,2
11/2/2021,60,20,25,7,11/2/2021,90,20,12,2
11/1/2021,68,16,22,5,11/1/2021,90,18,17,2
10/31/2021,58,23,22,5,10/31/2021,97,23,11,1
10/30/2021,65,31,9,2,10/30/2021,99,19,8,2
10/29/2021,50,27,19,3,10/29/2021,90,23,10,1
10/28/2021,36,28,32,6,10/28/2021,88,25,NaN,1
10/27/2021,42,36,29,7,10/27/2021,92,NaN,NaN,NaN
10/26/2021,35,24,27,6,10/26/2021,105,NaN,3,NaN
10/25/2021,27,26,18,4,10/25/2021,106,NaN,8,NaN
10/24/2021,34,24,14,3,10/24/2021,89,NaN,20,NaN
10/23/2021,36,34,9,2,10/23/2021,91,NaN,11,NaN
10/22/2021,48,24,9,2,10/22/2021,102,NaN,6,NaN
10/21/2021,48,21,17,3,10/21/2021,101,NaN,9,NaN
10/20/2021,44,36,25,6,10/20/2021,95,NaN,17,NaN
10/19/2021,31,36,20,5,10/19/2021,91,NaN,NaN,NaN
10/18/2021,27,29,16,4,10/18/2021,86,NaN,NaN,NaN
10/17/2021,44,30,10,2,10/17/2021,93,NaN,NaN,NaN
10/16/2021,37,41,18,4,10/16/2021,107,NaN,NaN,NaN
10/15/2021,43,40,24,5,10/15/2021,107,NaN,NaN,NaN
10/14/2021,57,37,29,6,10/14/2021,104,NaN,NaN,NaN
10/13/2021,41,34,29,6,10/13/2021,104,NaN,NaN,NaN
10/12/2021,29,36,21,4,10/12/2021,106,NaN,NaN,NaN
10/11/2021,59,26,11,2,10/11/2021,99,NaN,NaN,NaN
10/10/2021,46,34,13,3,10/10/2021,97,NaN,NaN,NaN
10/9/2021,35,46,17,5,10/9/2021,101,NaN,NaN,NaN
10/8/2021,21,33,13,4,10/8/2021,108,NaN,NaN,NaN
10/7/2021,41,24,8,2,10/7/2021,107,NaN,NaN,NaN
10/6/2021,53,26,10,2,10/6/2021,98,NaN,NaN,NaN
10/5/2021,36,37,12,3,10/5/2021,101,NaN,NaN,NaN
10/4/2021,49,43,11,2,10/4/2021,110,NaN,NaN,NaN
10/3/2021,50,47,26,5,10/3/2021,107,NaN,NaN,NaN
10/2/2021,47,79,21,5,10/2/2021,98,NaN,NaN,NaN
10/1/2021,46,56,26,6,10/1/2021,95,34,NaN,2
9/30/2021,52,45,28,6,9/30/2021,101,19,NaN,2
9/29/2021,47,45,23,5,9/29/2021,103,14,5,1
9/28/2021,41,36,15,3,9/28/2021,116,22,5,1
9/27/2021,51,30,10,2,9/27/2021,108,22,13,2
9/26/2021,55,24,10,2,9/26/2021,111,37,12,2
9/25/2021,52,32,5,2,9/25/2021,112,30,6,2
9/24/2021,53,34,8,2,9/24/2021,109,38,13,3
9/23/2021,51,31,15,4,9/23/2021,107,32,12,2
9/22/2021,47,27,19,4,9/22/2021,123,29,4,1
9/21/2021,56,20,25,5,9/21/2021,117,26,7,2
9/20/2021,58,58,24,5,9/20/2021,115,26,11,2
9/19/2021,58,41,20,4,9/19/2021,115,25,12,2
9/18/2021,43,45,12,4,9/18/2021,113,27,4,2
9/17/2021,53,38,7,2,9/17/2021,122,32,5,2
9/16/2021,53,41,9,2,9/16/2021,99,25,5,2
9/15/2021,65,43,9,2,9/15/2021,122,35,NaN,1
9/14/2021,64,44,13,3,9/14/2021,120,38,14,3
9/13/2021,56,41,19,4,9/13/2021,115,35,14,2
9/12/2021,58,42,15,4,9/12/2021,119,36,7,2
9/11/2021,52,42,16,5,9/11/2021,112,36,8,2
9/10/2021,45,37,18,5,9/10/2021,111,34,11,2
9/9/2021,51,39,13,3,9/9/2021,121,24,6,2
9/8/2021,64,56,12,3,9/8/2021,122,22,16,3
9/7/2021,67,41,11,4,9/7/2021,114,33,9,2
9/6/2021,72,41,13,4,9/6/2021,108,37,9,2
9/5/2021,55,53,7,3,9/5/2021,120,36,5,2
9/4/2021,62,56,18,6,9/4/2021,109,23,12,3
9/3/2021,66,51,18,5,9/3/2021,109,27,7,2
9/2/2021,57,44,13,4,9/2/2021,104,17,5,2
9/1/2021,62,41,7,3,9/1/2021,111,28,3,1
8/31/2021,74,36,9,3,8/31/2021,112,26,9,3
8/30/2021,69,33,12,3,8/30/2021,111,35,11,3
8/29/2021,58,39,10,3,8/29/2021,105,39,15,3
8/28/2021,61,44,8,3,8/28/2021,100,25,9,2
8/27/2021,69,52,12,4,8/27/2021,112,23,5,2
8/26/2021,70,47,22,5,8/26/2021,117,53,15,3
8/25/2021,58,61,21,6,8/25/2021,108,80,NaN,3
8/24/2021,56,47,15,4,8/24/2021,113,64,19,4
8/23/2021,59,44,11,3,8/23/2021,103,45,11,3
8/22/2021,56,42,12,4,8/22/2021,109,25,6,2
8/21/2021,36,42,7,3,8/21/2021,116,22,5,1
8/20/2021,37,36,4,2,8/20/2021,113,33,7,2
8/19/2021,24,34,5,2,8/19/2021,116,26,6,1
8/18/2021,37,30,5,2,8/18/2021,117,25,5,1
8/17/2021,53,22,6,1,8/17/2021,92,22,9,2
8/16/2021,56,31,10,2,8/16/2021,108,26,6,2
8/15/2021,51,32,15,3,8/15/2021,105,38,9,2
8/14/2021,54,43,10,3,8/14/2021,110,39,4,2
8/13/2021,48,40,10,3,8/13/2021,109,38,5,2
8/12/2021,51,29,15,3,8/12/2021,113,68,11,2
8/11/2021,48,39,18,4,8/11/2021,117,41,NaN,2
8/10/2021,49,38,14,3,8/10/2021,115,55,NaN,2
8/9/2021,58,43,10,2,8/9/2021,109,43,NaN,3
8/8/2021,63,44,13,3,8/8/2021,111,33,5,2
8/7/2021,60,53,8,2,8/7/2021,111,46,4,2
8/6/2021,65,45,10,2,8/6/2021,111,56,11,2
8/5/2021,44,34,13,2,8/5/2021,106,67,15,3
8/4/2021,NaN,42,17,3,8/4/2021,107,44,6,2
8/3/2021,59,39,11,2,8/3/2021,100,35,12,2
8/2/2021,63,38,16,4,8/2/2021,105,36,17,2
8/1/2021,60,40,20,4,8/1/2021,109,24,NaN,2
7/31/2021,57,39,13,2,7/31/2021,103,40,NaN,2
7/30/2021,61,35,10,2,7/30/2021,108,29,NaN,1
7/29/2021,61,36,10,2,7/29/2021,113,32,NaN,2
7/28/2021,54,31,13,3,7/28/2021,101,35,NaN,2
7/27/2021,59,36,10,2,7/27/2021,108,35,NaN,2
7/26/2021,58,37,6,2,7/26/2021,120,75,NaN,4
7/25/2021,68,28,9,2,7/25/2021,103,47,NaN,4
7/24/2021,76,38,6,2,7/24/2021,108,40,NaN,2
7/23/2021,77,39,9,2,7/23/2021,104,43,NaN,2
7/22/2021,75,36,11,2,7/22/2021,105,31,NaN,2
7/21/2021,70,31,15,2,7/21/2021,114,31,NaN,2
7/20/2021,62,33,12,3,7/20/2021,141,44,NaN,4
7/19/2021,61,NaN,10,2,7/19/2021,98,41,NaN,5
7/18/2021,62,NaN,12,2,7/18/2021,111,27,4,2
7/17/2021,61,NaN,8,2,7/17/2021,113,31,6,1
7/16/2021,57,14,9,2,7/16/2021,85,48,12,3
7/15/2021,57,41,8,2,7/15/2021,59,53,10,2
7/14/2021,61,37,8,2,7/14/2021,79,61,14,2
7/13/2021,67,40,10,2,7/13/2021,49,43,10,2
7/12/2021,67,42,10,2,7/12/2021,43,22,6,1
7/11/2021,71,36,11,2,7/11/2021,32,31,14,2
7/10/2021,71,43,9,2,7/10/2021,23,36,9,2
7/9/2021,67,37,12,2,7/9/2021,50,30,8,2
7/8/2021,72,41,12,3,7/8/2021,38,29,7,NaN
7/7/2021,64,40,16,3,7/7/2021,62,33,11,2
7/6/2021,60,44,13,2,7/6/2021,54,58,15,2
7/5/2021,84,41,10,2,7/5/2021,88,53,10,1
7/4/2021,92,40,8,2,7/4/2021,47,41,10,2
7/3/2021,60,41,7,2,7/3/2021,5,33,8,1
7/2/2021,60,39,10,2,7/2/2021,27,10,5,NaN
7/1/2021,66,42,10,2,7/1/2021,35,31,13,1
6/30/2021,60,41,10,2,6/30/2021,46,33,14,1
6/29/2021,62,36,10,2,6/29/2021,47,48,8,1
6/28/2021,71,29,12,2,6/28/2021,41,68,10,1
6/27/2021,71,47,12,3,6/27/2021,34,46,9,1
6/26/2021,60,47,12,2,6/26/2021,29,24,6,1
6/25/2021,51,38,11,3,6/25/2021,20,16,5,NaN
6/24/2021,39,28,10,2,6/24/2021,23,38,7,1
6/23/2021,60,26,6,1,6/23/2021,12,37,13,1
6/22/2021,53,27,9,2,6/22/2021,17,30,6,1
6/21/2021,64,30,7,2,6/21/2021,48,19,8,1
6/20/2021,63,41,10,2,6/20/2021,42,30,10,2
6/19/2021,70,37,6,2,6/19/2021,42,53,7,2
6/18/2021,79,41,9,2,6/18/2021,36,46,7,1
6/17/2021,74,35,15,3,6/17/2021,9,60,13,1
6/16/2021,70,32,19,3,6/16/2021,10,34,8,1
6/15/2021,66,36,14,2,6/15/2021,19,NaN,NaN,1
6/14/2021,58,45,24,4,6/14/2021,11,NaN,NaN,1
6/13/2021,58,36,16,3,6/13/2021,22,NaN,NaN,1
6/12/2021,66,51,9,2,6/12/2021,18,NaN,NaN,2
6/11/2021,63,55,16,4,6/11/2021,26,NaN,NaN,1
6/10/2021,48,45,14,3,6/10/2021,21,NaN,7,NaN
6/9/2021,50,36,11,2,6/9/2021,38,NaN,6,NaN
6/8/2021,43,33,12,2,6/8/2021,56,NaN,NaN,NaN
6/7/2021,40,39,6,1,6/7/2021,65,NaN,NaN,NaN
6/6/2021,47,29,7,1,6/6/2021,56,NaN,NaN,NaN
6/5/2021,55,34,4,1,6/5/2021,42,NaN,NaN,NaN
6/4/2021,59,36,8,2,6/4/2021,29,NaN,NaN,NaN
6/3/2021,61,35,12,2,6/3/2021,19,NaN,NaN,NaN
6/2/2021,65,42,10,2,6/2/2021,32,NaN,NaN,NaN
6/1/2021,73,38,9,2,6/1/2021,45,NaN,NaN,NaN
5/31/2021,61,39,8,2,5/31/2021,14,NaN,NaN,NaN
5/30/2021,58,40,5,2,5/30/2021,5,NaN,NaN,NaN
5/29/2021,62,37,4,2,5/29/2021,5,NaN,NaN,NaN
5/28/2021,79,35,7,2,5/28/2021,12,NaN,NaN,NaN
5/27/2021,68,43,9,2,5/27/2021,20,NaN,NaN,NaN
5/26/2021,69,41,7,2,5/26/2021,39,NaN,NaN,NaN
5/25/2021,66,31,11,2,5/25/2021,25,20,NaN,NaN
5/24/2021,59,44,20,3,5/24/2021,14,33,NaN,NaN
5/23/2021,57,46,17,4,5/23/2021,27,32,NaN,NaN
5/22/2021,56,36,7,2,5/22/2021,44,36,NaN,NaN
5/21/2021,56,36,5,1,5/21/2021,21,52,28,NaN
5/20/2021,62,36,9,2,5/20/2021,28,35,13,2
5/19/2021,60,38,5,1,5/19/2021,41,32,9,1
5/18/2021,53,38,10,2,5/18/2021,33,NaN,NaN,NaN
5/17/2021,40,41,6,2,5/17/2021,41,48,NaN,2
5/16/2021,35,35,6,1,5/16/2021,33,50,NaN,2
5/15/2021,49,33,3,1,5/15/2021,35,41,NaN,2
5/14/2021,60,38,4,1,5/14/2021,32,42,NaN,2
5/13/2021,53,41,7,2,5/13/2021,24,40,NaN,1
5/12/2021,63,39,5,2,5/12/2021,18,36,NaN,1
5/11/2021,63,40,7,2,5/11/2021,22,29,NaN,1
5/10/2021,61,42,7,2,5/10/2021,15,35,NaN,1
5/9/2021,67,35,7,2,5/9/2021,22,26,NaN,1
5/8/2021,61,44,5,2,5/8/2021,17,30,NaN,2
5/7/2021,62,42,6,2,5/7/2021,18,27,NaN,2
5/6/2021,71,38,9,2,5/6/2021,12,31,NaN,1
5/5/2021,82,33,8,2,5/5/2021,22,27,4,1
5/4/2021,75,38,13,3,5/4/2021,25,27,9,2
5/3/2021,67,47,15,3,5/3/2021,35,35,9,2
5/2/2021,58,36,9,2,5/2/2021,35,24,11,2
5/1/2021,67,36,4,1,5/1/2021,15,45,6,2
4/30/2021,65,38,11,2,4/30/2021,14,34,6,1
4/29/2021,64,58,22,4,4/29/2021,61,33,6,1
4/28/2021,55,50,25,5,4/28/2021,56,NaN,19,NaN
4/27/2021,43,38,19,3,4/27/2021,30,NaN,22,NaN
4/26/2021,31,36,6,1,4/26/2021,23,NaN,16,NaN
4/25/2021,47,34,3,1,4/25/2021,42,NaN,8,NaN
4/24/2021,54,36,3,1,4/24/2021,50,NaN,8,NaN
4/23/2021,55,37,3,1,4/23/2021,28,NaN,7,NaN
4/22/2021,47,33,6,1,4/22/2021,20,NaN,5,NaN
4/21/2021,52,35,4,1,4/21/2021,26,NaN,NaN,NaN
4/20/2021,71,35,5,1,4/20/2021,41,NaN,NaN,NaN
4/19/2021,60,40,11,2,4/19/2021,45,NaN,NaN,NaN
4/18/2021,49,46,18,4,4/18/2021,30,NaN,NaN,NaN
4/17/2021,72,45,11,3,4/17/2021,10,NaN,NaN,NaN
4/16/2021,72,42,13,3,4/16/2021,14,NaN,NaN,NaN
4/15/2021,63,33,12,3,4/15/2021,24,NaN,NaN,NaN
4/14/2021,59,39,12,2,4/14/2021,32,NaN,NaN,NaN
4/13/2021,54,39,6,1,4/13/2021,21,NaN,NaN,NaN
4/12/2021,NaN,36,7,1,4/12/2021,20,NaN,NaN,NaN
4/11/2021,NaN,43,7,2,4/11/2021,20,NaN,NaN,NaN
4/10/2021,57,43,8,2,4/10/2021,23,NaN,NaN,NaN
4/9/2021,61,43,15,3,4/9/2021,25,NaN,NaN,NaN
4/8/2021,60,42,16,4,4/8/2021,35,NaN,NaN,NaN
4/7/2021,60,38,16,3,4/7/2021,38,NaN,NaN,NaN
4/6/2021,59,41,15,4,4/6/2021,37,NaN,NaN,NaN
4/5/2021,54,38,11,2,4/5/2021,31,NaN,NaN,NaN
4/4/2021,60,33,13,2,4/4/2021,36,NaN,NaN,NaN
4/3/2021,71,53,15,3,4/3/2021,22,NaN,NaN,NaN
4/2/2021,57,46,11,3,4/2/2021,19,NaN,NaN,NaN
4/1/2021,38,43,19,3,4/1/2021,23,NaN,NaN,NaN
3/31/2021,53,41,24,3,3/31/2021,31,NaN,NaN,NaN
3/30/2021,65,47,25,5,3/30/2021,31,NaN,NaN,NaN
3/29/2021,49,43,14,2,3/29/2021,27,NaN,NaN,NaN
3/28/2021,35,40,23,4,3/28/2021,23,NaN,NaN,NaN
3/27/2021,51,50,15,3,3/27/2021,26,NaN,NaN,NaN
3/26/2021,35,39,18,4,3/26/2021,37,NaN,NaN,NaN
3/25/2021,48,35,11,2,3/25/2021,41,NaN,NaN,NaN
3/24/2021,20,34,7,1,3/24/2021,33,NaN,NaN,NaN
3/23/2021,35,38,8,2,3/23/2021,36,NaN,NaN,NaN
3/22/2021,41,37,9,2,3/22/2021,48,NaN,NaN,NaN
3/21/2021,48,37,12,2,3/21/2021,54,NaN,NaN,NaN
3/20/2021,41,39,11,2,3/20/2021,35,NaN,NaN,NaN
3/19/2021,49,38,9,2,3/19/2021,27,NaN,NaN,NaN
3/18/2021,53,31,19,4,3/18/2021,24,NaN,NaN,NaN
3/17/2021,47,40,20,4,3/17/2021,36,NaN,NaN,NaN
3/16/2021,24,36,18,4,3/16/2021,29,NaN,NaN,NaN
3/15/2021,18,32,10,2,3/15/2021,30,NaN,NaN,NaN
3/14/2021,45,33,6,1,3/14/2021,27,NaN,NaN,NaN
3/13/2021,49,38,6,2,3/13/2021,26,NaN,NaN,NaN
3/12/2021,30,34,11,3,3/12/2021,42,NaN,NaN,NaN
3/11/2021,19,34,15,3,3/11/2021,73,NaN,NaN,NaN
3/10/2021,18,36,8,2,3/10/2021,47,NaN,NaN,NaN
3/9/2021,31,34,4,1,3/9/2021,47,NaN,NaN,NaN
3/8/2021,29,36,12,3,3/8/2021,36,NaN,NaN,NaN
3/7/2021,40,35,6,1,3/7/2021,24,NaN,NaN,NaN
3/6/2021,47,31,7,2,3/6/2021,25,NaN,NaN,NaN
3/5/2021,43,34,15,3,3/5/2021,31,NaN,NaN,NaN
3/4/2021,36,41,24,4,3/4/2021,38,NaN,NaN,NaN
3/3/2021,37,36,18,3,3/3/2021,41,NaN,NaN,NaN
3/2/2021,26,33,22,3,3/2/2021,36,NaN,NaN,NaN
3/1/2021,23,33,22,4,3/1/2021,30,31,6,1
2/28/2021,43,35,21,4,2/28/2021,44,30,NaN,3
2/27/2021,51,39,18,4,2/27/2021,36,19,NaN,4
2/26/2021,40,35,18,3,2/26/2021,39,22,NaN,4
2/25/2021,57,32,26,4,2/25/2021,49,28,NaN,2
2/24/2021,54,35,21,3,2/24/2021,43,31,NaN,2
2/23/2021,33,37,28,5,2/23/2021,50,25,NaN,3
2/22/2021,31,33,25,4,2/22/2021,44,NaN,NaN,NaN
2/21/2021,29,33,24,5,2/21/2021,47,NaN,NaN,NaN
2/20/2021,42,37,19,4,2/20/2021,48,NaN,NaN,NaN
2/19/2021,43,35,16,4,2/19/2021,34,NaN,NaN,NaN
2/18/2021,34,30,25,4,2/18/2021,34,NaN,NaN,NaN
2/17/2021,29,36,20,4,2/17/2021,43,NaN,NaN,NaN
2/16/2021,40,33,12,2,2/16/2021,44,NaN,NaN,NaN
2/15/2021,37,35,9,2,2/15/2021,46,NaN,NaN,NaN
2/14/2021,14,22,16,2,2/14/2021,43,NaN,NaN,NaN
2/13/2021,37,35,1,NaN,2/13/2021,34,NaN,NaN,NaN
2/12/2021,41,34,11,2,2/12/2021,33,NaN,NaN,NaN
2/11/2021,66,30,16,2,2/11/2021,42,NaN,NaN,NaN
2/10/2021,63,36,21,5,2/10/2021,50,NaN,NaN,NaN
2/9/2021,58,35,20,4,2/9/2021,48,NaN,NaN,NaN
2/8/2021,70,31,11,2,2/8/2021,45,NaN,NaN,NaN
2/7/2021,73,33,18,3,2/7/2021,47,NaN,NaN,NaN
2/6/2021,68,32,23,6,2/6/2021,42,NaN,NaN,NaN
2/5/2021,53,28,27,7,2/5/2021,54,NaN,NaN,NaN
2/4/2021,52,32,23,6,2/4/2021,54,NaN,NaN,NaN
2/3/2021,46,24,18,4,2/3/2021,32,NaN,NaN,NaN
2/2/2021,50,22,17,6,2/2/2021,26,NaN,NaN,NaN
2/1/2021,34,25,24,6,2/1/2021,25,NaN,NaN,NaN
1/31/2021,36,13,25,5,1/31/2021,34,NaN,NaN,NaN
1/30/2021,35,28,18,5,1/30/2021,38,NaN,NaN,NaN
1/29/2021,19,30,15,5,1/29/2021,32,NaN,NaN,NaN
1/28/2021,32,26,12,3,1/28/2021,37,NaN,NaN,NaN
1/27/2021,31,30,16,4,1/27/2021,49,NaN,NaN,NaN
1/26/2021,23,27,19,2,1/26/2021,39,NaN,NaN,NaN
1/25/2021,11,26,13,3,1/25/2021,31,NaN,NaN,NaN
1/24/2021,42,30,6,2,1/24/2021,29,NaN,NaN,NaN
1/23/2021,28,30,9,3,1/23/2021,38,NaN,NaN,NaN
1/22/2021,35,24,13,3,1/22/2021,48,NaN,NaN,NaN
1/21/2021,41,30,15,3,1/21/2021,47,NaN,NaN,NaN
1/20/2021,35,26,21,4,1/20/2021,45,NaN,NaN,NaN
1/19/2021,59,27,22,5,1/19/2021,46,NaN,NaN,NaN
1/18/2021,60,28,10,2,1/18/2021,46,NaN,NaN,NaN
1/17/2021,41,28,26,6,1/17/2021,48,NaN,NaN,NaN
1/16/2021,52,34,25,7,1/16/2021,37,NaN,NaN,NaN
1/15/2021,50,25,33,8,1/15/2021,58,NaN,NaN,NaN
1/14/2021,59,22,36,9,1/14/2021,72,NaN,NaN,NaN
1/13/2021,43,17,35,11,1/13/2021,65,NaN,NaN,NaN
1/12/2021,41,10,33,9,1/12/2021,70,NaN,NaN,NaN
1/11/2021,47,19,31,7,1/11/2021,62,NaN,NaN,NaN
1/10/2021,37,25,27,7,1/10/2021,47,NaN,NaN,NaN
1/9/2021,63,28,20,5,1/9/2021,33,NaN,NaN,NaN
1/8/2021,63,22,29,7,1/8/2021,39,NaN,NaN,NaN
1/7/2021,56,28,34,9,1/7/2021,42,NaN,NaN,NaN
1/6/2021,61,14,31,10,1/6/2021,44,NaN,NaN,NaN
1/5/2021,69,17,29,8,1/5/2021,42,NaN,NaN,NaN
1/4/2021,59,16,22,7,1/4/2021,43,NaN,NaN,NaN
1/3/2021,59,20,20,6,1/3/2021,43,NaN,NaN,NaN
1/2/2021,52,25,16,5,1/2/2021,40,NaN,NaN,NaN
1/1/2021,66,22,20,6,1/1/2021,51,NaN,NaN,NaN
12/31/2020,33,26,20,6,12/31/2020,51,NaN,NaN,NaN
12/30/2020,34,28,17,5,12/30/2020,31,NaN,NaN,NaN
12/29/2020,34,23,25,6,12/29/2020,42,NaN,NaN,NaN
12/28/2020,15,23,20,5,12/28/2020,48,NaN,NaN,NaN
12/27/2020,61,26,9,2,12/27/2020,49,NaN,NaN,NaN
12/26/2020,52,24,14,4,12/26/2020,42,NaN,NaN,NaN
12/25/2020,27,28,19,5,12/25/2020,44,NaN,NaN,NaN
12/24/2020,24,29,10,3,12/24/2020,47,NaN,NaN,NaN
12/23/2020,75,16,21,3,12/23/2020,39,NaN,NaN,NaN
12/22/2020,60,13,29,7,12/22/2020,54,NaN,NaN,NaN
12/21/2020,30,22,30,7,12/21/2020,56,NaN,NaN,NaN
12/20/2020,37,26,27,7,12/20/2020,49,NaN,NaN,NaN
12/19/2020,40,30,24,6,12/19/2020,45,NaN,NaN,NaN
12/18/2020,48,25,25,7,12/18/2020,45,NaN,NaN,NaN
12/17/2020,47,22,23,7,12/17/2020,34,NaN,NaN,NaN
12/16/2020,35,20,24,7,12/16/2020,40,NaN,NaN,NaN
12/15/2020,31,22,27,6,12/15/2020,33,NaN,NaN,NaN
12/14/2020,31,14,26,6,12/14/2020,34,NaN,NaN,NaN
12/13/2020,40,26,17,4,12/13/2020,54,NaN,NaN,NaN
12/12/2020,70,31,15,4,12/12/2020,67,NaN,NaN,NaN
12/11/2020,61,26,19,5,12/11/2020,63,NaN,NaN,NaN
12/10/2020,51,26,18,5,12/10/2020,45,NaN,NaN,NaN
12/9/2020,46,22,21,6,12/9/2020,47,NaN,20,NaN
12/8/2020,44,24,22,7,12/8/2020,23,NaN,NaN,NaN
12/7/2020,60,17,30,9,12/7/2020,27,NaN,NaN,NaN
12/6/2020,56,5,36,11,12/6/2020,21,NaN,NaN,NaN
12/5/2020,59,31,25,8,12/5/2020,25,NaN,NaN,NaN
12/4/2020,32,20,33,9,12/4/2020,41,NaN,NaN,NaN
12/3/2020,47,27,28,6,12/3/2020,36,NaN,NaN,NaN
12/2/2020,60,19,31,9,12/2/2020,29,NaN,NaN,NaN
12/1/2020,42,13,38,10,12/1/2020,34,NaN,NaN,NaN
11/30/2020,37,14,32,9,11/30/2020,39,NaN,NaN,NaN
11/29/2020,35,24,26,7,11/29/2020,41,NaN,NaN,NaN
11/28/2020,42,33,21,6,11/28/2020,32,NaN,NaN,NaN
11/27/2020,44,30,22,6,11/27/2020,37,NaN,NaN,NaN
11/26/2020,60,24,20,6,11/26/2020,34,NaN,NaN,NaN
11/25/2020,63,34,15,5,11/25/2020,34,NaN,NaN,NaN
11/24/2020,66,37,21,6,11/24/2020,29,NaN,NaN,NaN
11/23/2020,74,33,22,5,11/23/2020,31,21,12,2
11/22/2020,75,25,24,6,11/22/2020,24,23,11,2
11/21/2020,57,30,27,8,11/21/2020,51,18,8,2
11/20/2020,59,31,26,8,11/20/2020,45,19,17,3
11/19/2020,54,23,28,8,11/19/2020,28,12,27,3
11/18/2020,46,24,16,4,11/18/2020,28,17,NaN,3
11/17/2020,57,24,16,4,11/17/2020,45,22,7,1
11/16/2020,32,29,32,8,11/16/2020,36,24,NaN,2
11/15/2020,43,27,25,5,11/15/2020,37,22,NaN,2
11/14/2020,66,37,22,6,11/14/2020,32,30,NaN,2
11/13/2020,60,34,22,6,11/13/2020,21,22,NaN,2
11/12/2020,54,32,27,7,11/12/2020,21,5,NaN,2
11/11/2020,52,35,25,6,11/11/2020,28,10,NaN,2
11/10/2020,36,28,25,6,11/10/2020,45,NaN,NaN,NaN
11/9/2020,35,30,20,4,11/9/2020,91,NaN,NaN,NaN
11/8/2020,28,25,14,3,11/8/2020,80,NaN,NaN,NaN
11/7/2020,26,32,5,2,11/7/2020,67,NaN,NaN,NaN
11/6/2020,54,35,6,1,11/6/2020,52,NaN,NaN,NaN
11/5/2020,54,31,14,3,11/5/2020,46,NaN,NaN,NaN
11/4/2020,87,15,28,8,11/4/2020,46,NaN,NaN,NaN
11/3/2020,100,53,28,8,11/3/2020,45,NaN,NaN,NaN
11/2/2020,76,39,26,7,11/2/2020,40,NaN,NaN,NaN
11/1/2020,75,36,29,7,11/1/2020,17,NaN,NaN,NaN
10/31/2020,77,56,28,8,10/31/2020,33,NaN,NaN,NaN
10/30/2020,68,58,27,8,10/30/2020,23,NaN,NaN,NaN
10/29/2020,71,42,35,9,10/29/2020,16,NaN,NaN,NaN
10/28/2020,70,51,33,8,10/28/2020,25,NaN,NaN,NaN
10/27/2020,99,51,25,6,10/27/2020,18,NaN,NaN,NaN
10/26/2020,76,41,24,6,10/26/2020,17,NaN,NaN,NaN
10/25/2020,30,28,23,5,10/25/2020,12,NaN,NaN,NaN
10/24/2020,38,29,6,2,10/24/2020,23,NaN,NaN,NaN
10/23/2020,48,27,7,2,10/23/2020,28,NaN,NaN,NaN
10/22/2020,56,31,9,2,10/22/2020,51,NaN,NaN,NaN
10/21/2020,97,32,13,3,10/21/2020,24,NaN,NaN,NaN
10/20/2020,86,45,14,3,10/20/2020,33,NaN,NaN,NaN
10/19/2020,71,48,12,3,10/19/2020,30,NaN,NaN,NaN
10/18/2020,82,40,11,3,10/18/2020,43,NaN,NaN,NaN
10/17/2020,69,49,14,4,10/17/2020,31,NaN,NaN,NaN
10/16/2020,72,52,23,7,10/16/2020,23,NaN,NaN,NaN
10/15/2020,74,69,35,8,10/15/2020,41,NaN,NaN,NaN
10/14/2020,68,95,33,8,10/14/2020,38,NaN,NaN,NaN
10/13/2020,59,73,34,7,10/13/2020,10,NaN,NaN,NaN
10/12/2020,60,57,27,6,10/12/2020,15,NaN,NaN,NaN
10/11/2020,55,54,22,6,10/11/2020,39,NaN,NaN,NaN
10/10/2020,60,39,10,3,10/10/2020,35,NaN,NaN,NaN
10/9/2020,66,40,6,2,10/9/2020,30,NaN,NaN,NaN
10/8/2020,76,39,8,3,10/8/2020,16,NaN,NaN,NaN
10/7/2020,93,42,7,3,10/7/2020,34,NaN,NaN,NaN
10/6/2020,107,47,20,6,10/6/2020,34,NaN,NaN,NaN
10/5/2020,126,65,28,8,10/5/2020,27,NaN,NaN,NaN
10/4/2020,117,73,28,9,10/4/2020,21,NaN,NaN,NaN
10/3/2020,91,88,22,8,10/3/2020,20,NaN,NaN,NaN
10/2/2020,78,89,27,8,10/2/2020,27,NaN,NaN,NaN
10/1/2020,75,83,31,7,10/1/2020,25,NaN,NaN,NaN
9/30/2020,58,74,30,7,9/30/2020,20,NaN,NaN,NaN
9/29/2020,62,59,27,6,9/29/2020,29,NaN,NaN,NaN
9/28/2020,69,57,17,5,9/28/2020,23,17,13,2
9/27/2020,67,56,14,4,9/27/2020,22,23,NaN,1
9/26/2020,69,52,6,3,9/26/2020,37,26,NaN,2
9/25/2020,71,53,12,3,9/25/2020,70,30,NaN,2
9/24/2020,67,43,17,4,9/24/2020,63,37,NaN,4
9/23/2020,71,56,25,6,9/23/2020,45,25,NaN,3
9/22/2020,73,55,22,8,9/22/2020,15,30,NaN,3
9/21/2020,70,57,13,5,9/21/2020,16,NaN,17,NaN
9/20/2020,68,50,13,4,9/20/2020,10,NaN,15,NaN
9/19/2020,63,59,14,5,9/19/2020,9,NaN,NaN,NaN
9/18/2020,89,47,16,5,9/18/2020,28,NaN,NaN,NaN
9/17/2020,81,69,30,8,9/17/2020,32,NaN,NaN,NaN
9/16/2020,111,43,23,8,9/16/2020,21,NaN,NaN,NaN
9/15/2020,151,61,26,9,9/15/2020,10,22,18,1
9/14/2020,151,58,26,11,9/14/2020,18,19,8,1
9/13/2020,137,63,25,11,9/13/2020,16,21,6,1
9/12/2020,146,62,19,9,9/12/2020,12,22,NaN,NaN
9/11/2020,136,36,25,10,9/11/2020,22,22,NaN,1
9/10/2020,103,42,27,11,9/10/2020,21,22,NaN,1
9/9/2020,62,8,27,10,9/9/2020,31,NaN,NaN,NaN
9/8/2020,66,31,13,5,9/8/2020,33,NaN,NaN,NaN
9/7/2020,74,21,8,2,9/7/2020,25,NaN,NaN,NaN
9/6/2020,69,31,12,4,9/6/2020,28,NaN,NaN,NaN
9/5/2020,86,93,18,6,9/5/2020,13,NaN,5,NaN
9/4/2020,79,81,26,8,9/4/2020,26,NaN,NaN,NaN
9/3/2020,65,71,22,7,9/3/2020,34,NaN,5,NaN
9/2/2020,53,47,17,4,9/2/2020,25,NaN,NaN,NaN
9/1/2020,46,38,11,3,9/1/2020,21,21,14,2
8/31/2020,49,39,7,2,8/31/2020,21,21,NaN,1
8/30/2020,52,40,6,2,8/30/2020,15,20,NaN,1
8/29/2020,50,42,4,2,8/29/2020,24,23,NaN,1
8/28/2020,56,38,5,2,8/28/2020,43,24,NaN,1
8/27/2020,70,37,12,3,8/27/2020,43,33,NaN,1
8/26/2020,48,42,13,5,8/26/2020,16,40,NaN,1
8/25/2020,56,32,14,4,8/25/2020,41,22,NaN,NaN
8/24/2020,75,29,12,4,8/24/2020,33,42,NaN,NaN
8/23/2020,93,27,6,2,8/23/2020,35,44,NaN,2
8/22/2020,81,40,5,3,8/22/2020,46,34,NaN,2
8/21/2020,87,50,11,4,8/21/2020,39,40,NaN,2
8/20/2020,70,43,16,4,8/20/2020,17,42,NaN,2
8/19/2020,67,39,17,4,8/19/2020,35,36,7,1
8/18/2020,70,56,17,4,8/18/2020,28,23,NaN,3
8/17/2020,67,77,17,4,8/17/2020,22,33,NaN,1
8/16/2020,66,41,16,4,8/16/2020,12,35,NaN,1
8/15/2020,65,34,8,2,8/15/2020,25,19,NaN,1
8/14/2020,56,63,19,5,8/14/2020,27,29,NaN,2
8/13/2020,44,40,21,5,8/13/2020,44,41,NaN,2
8/12/2020,49,39,17,3,8/12/2020,56,32,NaN,2
8/11/2020,40,39,17,4,8/11/2020,55,60,NaN,2
8/10/2020,39,31,10,2,8/10/2020,59,38,NaN,2
8/9/2020,49,32,7,1,8/9/2020,39,68,NaN,2
8/8/2020,54,34,4,1,8/8/2020,29,46,NaN,2
8/7/2020,49,37,8,2,8/7/2020,46,39,NaN,2
8/6/2020,49,38,12,2,8/6/2020,48,45,NaN,4
8/5/2020,50,35,7,2,8/5/2020,38,54,NaN,4
8/4/2020,60,32,8,2,8/4/2020,54,41,14,2
8/3/2020,68,35,11,2,8/3/2020,33,23,NaN,1
8/2/2020,68,42,14,3,8/2/2020,33,41,NaN,1
8/1/2020,67,42,13,4,8/1/2020,38,34,NaN,1
7/31/2020,64,43,19,5,7/31/2020,26,53,NaN,2
7/30/2020,55,44,23,6,7/30/2020,37,41,NaN,2
7/29/2020,50,38,14,3,7/29/2020,26,59,NaN,2
7/28/2020,49,36,8,2,7/28/2020,36,55,NaN,2
7/27/2020,47,34,9,2,7/27/2020,49,40,4,1
7/26/2020,48,32,9,2,7/26/2020,36,47,NaN,1
7/25/2020,48,35,6,2,7/25/2020,42,42,NaN,1
7/24/2020,40,42,7,2,7/24/2020,28,62,NaN,2
7/23/2020,43,35,7,2,7/23/2020,46,29,NaN,2
7/22/2020,48,31,7,1,7/22/2020,62,47,NaN,2
7/21/2020,62,29,7,2,7/21/2020,38,NaN,12,NaN
7/20/2020,35,35,10,2,7/20/2020,44,NaN,NaN,NaN
7/19/2020,42,33,9,2,7/19/2020,57,NaN,NaN,NaN
7/18/2020,23,32,7,2,7/18/2020,51,NaN,NaN,NaN
7/17/2020,28,33,6,2,7/17/2020,31,NaN,NaN,NaN
7/16/2020,47,37,5,2,7/16/2020,6,NaN,11,NaN
7/15/2020,49,37,6,2,7/15/2020,22,22,3,1
7/14/2020,62,37,6,2,7/14/2020,16,35,8,1
7/13/2020,63,36,7,2,7/13/2020,14,30,12,1
7/12/2020,55,38,9,2,7/12/2020,22,45,10,1
7/11/2020,50,50,10,2,7/11/2020,40,39,3,1
7/10/2020,69,55,12,3,7/10/2020,8,29,4,1
7/9/2020,65,61,13,3,7/9/2020,26,20,6,1
7/8/2020,65,50,11,2,7/8/2020,27,22,5,1
7/7/2020,66,41,9,2,7/7/2020,21,27,4,1
7/6/2020,69,43,12,2,7/6/2020,56,35,8,1
7/5/2020,183,52,16,4,7/5/2020,63,57,14,2
7/4/2020,96,48,11,3,7/4/2020,55,55,6,2
7/3/2020,49,43,13,3,7/3/2020,51,34,3,1
7/2/2020,44,45,9,2,7/2/2020,33,46,8,2
7/1/2020,50,39,5,1,7/1/2020,31,48,11,2
6/30/2020,34,34,8,1,6/30/2020,17,46,7,2
6/29/2020,25,30,6,2,6/29/2020,21,34,6,1
6/28/2020,19,28,5,1,6/28/2020,45,32,8,1
6/27/2020,51,23,3,1,6/27/2020,56,50,7,1
6/26/2020,37,37,7,2,6/26/2020,38,38,NaN,2
6/25/2020,46,35,8,2,6/25/2020,37,44,25,1
6/24/2020,49,36,9,2,6/24/2020,47,52,9,1
6/23/2020,54,39,8,2,6/23/2020,36,37,14,1
6/22/2020,51,44,9,2,6/22/2020,23,NaN,NaN,NaN
6/21/2020,42,48,7,2,6/21/2020,29,NaN,NaN,NaN
6/20/2020,37,42,3,1,6/20/2020,42,NaN,9,NaN
6/19/2020,46,34,2,1,6/19/2020,22,NaN,NaN,NaN
6/18/2020,45,36,7,1,6/18/2020,16,NaN,NaN,NaN
6/17/2020,39,32,7,2,6/17/2020,20,10,7,1
6/16/2020,45,31,6,1,6/16/2020,23,30,10,1
6/15/2020,44,35,6,1,6/15/2020,26,32,14,1
6/14/2020,39,33,9,2,6/14/2020,17,31,10,1
6/13/2020,39,40,6,1,6/13/2020,11,30,3,1
6/12/2020,46,35,7,1,6/12/2020,28,36,5,1
6/11/2020,50,37,9,1,6/11/2020,35,46,14,2
6/10/2020,34,52,20,3,6/10/2020,45,26,7,1
6/9/2020,14,68,17,3,6/9/2020,42,41,10,1
6/8/2020,17,42,12,2,6/8/2020,18,61,15,2
6/7/2020,34,44,5,1,6/7/2020,20,34,8,1
6/6/2020,29,35,4,1,6/6/2020,26,31,3,NaN
6/5/2020,30,29,2,1,6/5/2020,37,50,8,NaN
6/4/2020,58,23,4,1,6/4/2020,40,38,10,NaN
6/3/2020,56,41,9,1,6/3/2020,44,53,13,NaN
6/2/2020,51,41,14,2,6/2/2020,24,44,9,NaN
6/1/2020,42,33,14,2,6/1/2020,11,42,16,NaN
5/31/2020,33,33,12,2,5/31/2020,9,33,4,NaN
5/30/2020,21,32,6,1,5/30/2020,21,NaN,NaN,NaN
5/29/2020,32,24,3,1,5/29/2020,19,NaN,NaN,NaN
5/28/2020,47,19,8,1,5/28/2020,15,NaN,7,NaN
5/27/2020,58,31,8,2,5/27/2020,6,NaN,4,NaN
5/26/2020,59,40,8,3,5/26/2020,35,NaN,10,NaN
5/25/2020,64,27,10,3,5/25/2020,23,23,14,NaN
5/24/2020,61,42,8,3,5/24/2020,24,27,6,NaN
5/23/2020,46,46,7,2,5/23/2020,14,31,4,NaN
5/22/2020,47,39,2,1,5/22/2020,29,31,6,NaN
5/21/2020,40,26,8,1,5/21/2020,23,31,15,NaN
5/20/2020,28,28,13,3,5/20/2020,12,30,10,NaN
5/19/2020,23,19,7,1,5/19/2020,17,34,10,NaN
5/18/2020,14,27,5,1,5/18/2020,14,34,8,NaN
5/17/2020,46,23,3,1,5/17/2020,9,38,11,NaN
5/16/2020,45,33,7,2,5/16/2020,24,38,3,1
5/15/2020,40,37,8,2,5/15/2020,51,38,6,1
5/14/2020,33,28,8,2,5/14/2020,33,46,16,2
5/13/2020,31,24,9,1,5/13/2020,24,40,16,3
5/12/2020,28,30,8,1,5/12/2020,14,33,12,1
5/11/2020,42,23,7,1,5/11/2020,22,37,7,1
5/10/2020,57,35,4,1,5/10/2020,15,29,10,1
5/9/2020,71,37,4,1,5/9/2020,11,39,6,1
5/8/2020,74,41,7,2,5/8/2020,17,NaN,5,NaN
5/7/2020,59,40,18,4,5/7/2020,18,NaN,11,NaN
5/6/2020,55,64,20,4,5/6/2020,19,37,9,2
5/5/2020,57,52,21,4,5/5/2020,16,32,11,1
5/4/2020,56,47,17,4,5/4/2020,21,37,6,1
5/3/2020,37,39,12,3,5/3/2020,35,36,7,1
5/2/2020,48,27,6,2,5/2/2020,17,43,9,2
5/1/2020,55,34,9,2,5/1/2020,11,34,6,1
4/30/2020,65,33,9,2,4/30/2020,19,33,16,2
4/29/2020,68,30,9,2,4/29/2020,22,NaN,8,NaN
4/28/2020,62,32,12,2,4/28/2020,17,NaN,13,NaN
4/27/2020,60,28,15,3,4/27/2020,8,NaN,10,NaN
4/26/2020,61,38,14,3,4/26/2020,16,NaN,8,NaN
4/25/2020,56,54,13,3,4/25/2020,33,NaN,7,NaN
4/24/2020,49,67,12,2,4/24/2020,20,12,17,2
4/23/2020,59,43,13,3,4/23/2020,22,22,15,2
4/22/2020,43,35,19,3,4/22/2020,13,25,NaN,NaN
4/21/2020,37,35,11,3,4/21/2020,20,31,NaN,NaN
4/20/2020,30,28,8,2,4/20/2020,21,30,8,1
4/19/2020,19,27,6,2,4/19/2020,38,32,13,2
4/18/2020,21,28,1,1,4/18/2020,22,40,12,2
4/17/2020,30,27,3,1,4/17/2020,24,31,10,2
4/16/2020,44,25,7,2,4/16/2020,25,36,12,2
4/15/2020,35,34,11,3,4/15/2020,26,33,8,1
4/14/2020,34,37,14,3,4/14/2020,15,34,7,NaN
4/13/2020,21,29,11,3,4/13/2020,29,NaN,8,NaN
4/12/2020,29,26,6,2,4/12/2020,39,NaN,7,NaN
4/11/2020,33,23,4,1,4/11/2020,26,NaN,16,NaN
4/10/2020,12,30,8,2,4/10/2020,20,NaN,7,NaN
4/9/2020,11,26,8,2,4/9/2020,24,NaN,6,NaN
4/8/2020,15,22,6,1,4/8/2020,41,NaN,12,NaN
4/7/2020,13,28,8,2,4/7/2020,27,NaN,16,NaN
4/6/2020,NaN,23,9,2,4/6/2020,25,NaN,12,NaN
4/5/2020,NaN,27,5,1,4/5/2020,41,NaN,9,NaN
4/4/2020,NaN,21,2,1,4/4/2020,14,NaN,19,NaN
4/3/2020,50,30,7,2,4/3/2020,13,NaN,8,NaN
4/2/2020,47,32,11,2,4/2/2020,14,NaN,6,NaN
4/1/2020,49,29,5,1,4/1/2020,20,NaN,6,NaN
3/31/2020,NaN,31,14,2,3/31/2020,NaN,NaN,8,NaN
3/28/2020,34,NaN,NaN,NaN,3/29/2020,7,NaN,NaN,NaN
3/27/2020,27,32,6,1,3/28/2020,26,NaN,3,NaN
3/26/2020,17,30,10,2,3/27/2020,37,NaN,10,NaN
3/25/2020,17,28,7,1,3/26/2020,31,NaN,16,NaN
3/24/2020,23,28,4,1,3/25/2020,24,NaN,16,NaN
3/23/2020,15,27,8,2,3/24/2020,20,NaN,9,NaN
3/22/2020,21,29,4,2,3/23/2020,21,NaN,10,NaN
3/21/2020,26,26,6,2,3/22/2020,29,NaN,12,NaN
3/20/2020,21,29,6,2,3/21/2020,22,NaN,7,NaN
3/19/2020,24,25,8,2,3/20/2020,41,NaN,5,NaN
3/18/2020,28,24,11,3,3/19/2020,22,NaN,21,NaN
3/17/2020,24,28,13,3,3/18/2020,29,NaN,16,NaN
3/16/2020,32,25,13,3,3/17/2020,33,NaN,14,NaN
3/15/2020,22,22,11,3,3/16/2020,22,NaN,20,NaN
3/14/2020,30,29,5,2,3/15/2020,22,NaN,11,NaN
3/13/2020,31,23,12,2,3/14/2020,28,NaN,7,NaN
3/12/2020,38,14,14,2,3/13/2020,28,NaN,7,NaN
3/11/2020,27,8,16,5,3/12/2020,39,NaN,13,NaN
3/10/2020,25,19,9,2,3/11/2020,26,NaN,19,NaN
3/9/2020,29,13,9,2,3/10/2020,43,NaN,15,NaN
3/8/2020,19,21,13,3,3/9/2020,47,NaN,21,NaN
3/7/2020,25,24,6,2,3/8/2020,27,NaN,24,NaN
3/6/2020,63,24,6,1,3/7/2020,24,NaN,12,NaN
3/5/2020,64,26,17,4,3/6/2020,23,NaN,9,NaN
3/4/2020,59,30,16,4,3/5/2020,20,NaN,19,NaN
3/3/2020,38,24,18,5,3/4/2020,20,NaN,12,NaN
3/2/2020,31,24,21,4,3/3/2020,37,NaN,10,NaN
3/1/2020,38,28,15,4,3/2/2020,39,NaN,22,NaN
2/29/2020,45,29,5,1,3/1/2020,30,NaN,27,NaN
2/28/2020,29,30,15,3,2/29/2020,26,NaN,13,NaN
2/27/2020,34,25,24,4,2/28/2020,29,NaN,NaN,NaN
2/26/2020,42,23,29,6,2/27/2020,23,NaN,NaN,NaN
2/25/2020,49,26,25,7,2/26/2020,23,NaN,NaN,NaN
2/24/2020,58,28,24,7,2/25/2020,45,NaN,NaN,NaN
2/23/2020,41,26,17,5,2/24/2020,59,NaN,29,NaN
2/22/2020,32,26,9,3,2/23/2020,47,NaN,28,NaN
2/21/2020,47,25,6,1,2/22/2020,38,NaN,NaN,NaN
2/20/2020,64,31,24,4,2/21/2020,32,NaN,23,NaN
2/19/2020,77,29,26,6,2/20/2020,32,NaN,14,NaN
2/18/2020,71,29,15,3,2/19/2020,38,NaN,11,NaN
2/17/2020,70,27,20,4,2/18/2020,46,NaN,10,NaN
2/16/2020,63,32,24,6,2/17/2020,50,NaN,NaN,NaN
2/15/2020,64,35,19,6,2/16/2020,47,NaN,NaN,NaN
2/14/2020,63,29,22,6,2/15/2020,32,NaN,NaN,NaN
2/13/2020,56,29,25,6,2/14/2020,40,NaN,NaN,NaN
2/12/2020,45,28,20,5,2/13/2020,41,NaN,NaN,NaN
2/11/2020,34,24,24,5,2/12/2020,42,NaN,NaN,NaN
2/10/2020,36,27,23,4,2/11/2020,48,NaN,NaN,NaN
2/9/2020,46,24,23,4,2/10/2020,38,NaN,NaN,NaN
2/8/2020,70,26,12,2,2/9/2020,49,NaN,NaN,NaN
2/7/2020,58,31,23,7,2/8/2020,47,NaN,NaN,NaN
2/6/2020,45,27,26,7,2/7/2020,33,NaN,12,NaN
2/5/2020,26,23,25,6,2/6/2020,29,NaN,15,NaN
2/4/2020,31,20,27,5,2/5/2020,26,NaN,19,NaN
2/3/2020,16,17,32,5,2/4/2020,67,NaN,26,NaN
2/2/2020,47,29,5,2,2/3/2020,55,NaN,36,NaN
2/1/2020,34,28,18,4,2/2/2020,46,NaN,24,NaN
1/31/2020,40,25,25,6,2/1/2020,53,NaN,16,NaN
1/30/2020,35,20,29,9,1/31/2020,53,NaN,29,NaN
1/29/2020,37,19,28,7,1/30/2020,39,NaN,35,NaN
1/28/2020,33,22,25,5,1/29/2020,32,NaN,22,NaN
1/27/2020,70,15,29,5,1/28/2020,34,NaN,12,NaN
1/26/2020,110,17,24,6,1/27/2020,40,NaN,11,NaN
1/25/2020,85,21,16,4,1/26/2020,36,NaN,16,NaN
1/24/2020,53,12,28,9,1/25/2020,36,NaN,14,NaN
1/23/2020,48,12,30,8,1/24/2020,78,NaN,15,NaN
1/22/2020,47,18,24,7,1/23/2020,73,NaN,43,NaN
1/21/2020,39,18,21,5,1/22/2020,54,NaN,42,NaN
1/20/2020,60,23,17,3,1/21/2020,39,NaN,37,NaN
1/19/2020,32,17,28,7,1/20/2020,35,NaN,17,NaN
1/18/2020,32,17,25,5,1/19/2020,42,NaN,10,NaN
1/17/2020,30,20,22,5,1/18/2020,32,NaN,11,NaN
1/16/2020,70,18,19,4,1/17/2020,42,NaN,22,NaN
1/15/2020,81,22,21,5,1/16/2020,46,NaN,9,NaN
1/14/2020,62,21,26,7,1/15/2020,58,NaN,12,NaN
1/13/2020,61,21,23,6,1/14/2020,42,NaN,20,NaN
1/12/2020,58,24,21,5,1/13/2020,49,NaN,21,NaN
1/11/2020,55,26,16,5,1/12/2020,46,NaN,17,NaN
1/10/2020,47,18,21,7,1/11/2020,53,NaN,7,NaN
1/9/2020,45,15,24,7,1/10/2020,51,NaN,22,NaN
1/8/2020,49,20,22,5,1/9/2020,46,NaN,29,NaN
1/7/2020,28,17,23,5,1/8/2020,49,NaN,17,NaN
1/6/2020,40,17,27,5,1/7/2020,49,NaN,15,NaN
1/5/2020,62,19,29,6,1/6/2020,52,NaN,23,NaN
1/4/2020,68,19,24,7,1/5/2020,40,NaN,22,NaN
1/3/2020,54,17,29,8,1/4/2020,57,NaN,7,NaN
1/2/2020,63,11,31,7,1/3/2020,66,NaN,21,NaN
1/1/2020,63,18,24,6,1/2/2020,59,NaN,30,NaN
12/31/2019,NaN,24,19,4,1/1/2020,40,NaN,29,NaN
12/29/2019,56,NaN,NaN,NaN,12/29/2019,54,NaN,NaN,NaN
12/28/2019,46,22,18,5,12/28/2019,58,NaN,NaN,NaN
12/27/2019,36,21,20,5,12/27/2019,53,NaN,18,NaN
12/26/2019,24,16,23,4,12/26/2019,65,NaN,29,NaN
12/25/2019,34,27,11,2,12/25/2019,54,NaN,24,NaN
12/24/2019,40,22,7,1,12/24/2019,50,NaN,28,NaN
12/23/2019,26,21,15,3,12/23/2019,75,NaN,22,NaN
12/22/2019,44,24,9,1,12/22/2019,68,NaN,37,NaN
12/21/2019,38,25,19,3,12/21/2019,52,NaN,29,NaN
12/20/2019,35,18,29,11,12/20/2019,46,NaN,31,NaN
12/19/2019,55,18,29,NaN,12/19/2019,57,NaN,18,NaN
12/18/2019,32,15,34,11,12/18/2019,41,NaN,11,NaN
12/17/2019,32,14,31,11,12/17/2019,38,NaN,15,NaN
12/16/2019,31,20,26,NaN,12/16/2019,49,NaN,19,NaN
12/15/2019,25,19,26,NaN,12/15/2019,42,NaN,18,NaN
12/14/2019,79,29,10,NaN,12/14/2019,38,NaN,9,NaN
12/13/2019,85,5,21,NaN,12/13/2019,48,NaN,18,NaN
12/12/2019,78,10,31,12,12/12/2019,56,NaN,32,NaN
12/11/2019,52,9,34,9,12/11/2019,34,NaN,22,NaN
12/10/2019,50,14,24,7,12/10/2019,52,NaN,16,NaN
12/9/2019,43,10,23,7,12/9/2019,37,NaN,16,NaN
12/8/2019,33,13,21,5,12/8/2019,35,NaN,29,NaN
12/7/2019,29,23,12,2,12/7/2019,37,NaN,20,NaN
12/6/2019,44,12,14,2,12/6/2019,36,NaN,11,NaN
12/5/2019,38,7,26,5,12/5/2019,40,NaN,18,NaN
12/4/2019,39,18,18,5,12/4/2019,47,NaN,15,NaN
12/3/2019,54,11,23,4,12/3/2019,32,NaN,24,NaN
12/2/2019,42,2,33,8,12/2/2019,22,NaN,13,NaN
12/1/2019,26,12,25,5,12/1/2019,24,NaN,14,NaN
11/30/2019,31,16,15,3,11/30/2019,27,NaN,NaN,NaN
11/29/2019,28,20,14,4,11/29/2019,19,NaN,NaN,NaN
11/28/2019,18,25,14,3,11/28/2019,26,NaN,7,NaN
11/27/2019,27,28,5,1,11/27/2019,59,NaN,6,NaN
11/26/2019,46,23,21,3,11/26/2019,62,NaN,33,NaN
11/25/2019,51,23,20,4,11/25/2019,59,NaN,43,NaN
11/24/2019,38,25,24,5,11/24/2019,31,NaN,25,NaN
11/23/2019,42,30,22,5,11/23/2019,32,NaN,14,NaN
11/22/2019,45,26,25,5,11/22/2019,47,NaN,18,NaN
11/21/2019,35,21,22,5,11/21/2019,52,NaN,20,NaN
11/20/2019,31,23,16,3,11/20/2019,34,NaN,24,NaN
11/19/2019,52,25,11,1,11/19/2019,33,NaN,14,NaN
11/18/2019,32,21,32,6,11/18/2019,26,NaN,18,NaN
11/17/2019,40,32,30,5,11/17/2019,22,NaN,18,NaN
11/16/2019,68,32,25,6,11/16/2019,28,NaN,11,NaN
11/15/2019,65,29,26,8,11/15/2019,46,NaN,10,NaN
11/14/2019,70,17,22,6,11/14/2019,25,NaN,30,NaN
11/13/2019,79,24,21,5,11/13/2019,18,NaN,29,NaN
11/12/2019,75,17,21,6,11/12/2019,32,NaN,12,NaN
11/11/2019,79,30,23,7,11/11/2019,71,NaN,14,NaN
11/10/2019,68,35,15,3,11/10/2019,40,NaN,39,NaN
11/9/2019,43,33,20,6,11/9/2019,20,NaN,22,NaN
11/8/2019,67,30,27,6,11/8/2019,23,NaN,16,NaN
11/7/2019,96,27,36,9,11/7/2019,37,NaN,9,NaN
11/6/2019,73,33,26,6,11/6/2019,42,NaN,26,NaN
11/5/2019,64,25,28,7,11/5/2019,45,NaN,17,NaN
11/4/2019,67,36,31,7,11/4/2019,31,NaN,25,NaN
11/3/2019,65,39,32,8,11/3/2019,NaN,NaN,19,NaN
11/2/2019,71,38,30,7,10/6/2019,28,NaN,NaN,NaN
11/1/2019,37,30,31,6,10/5/2019,26,NaN,11,NaN
10/31/2019,43,27,28,5,10/4/2019,21,26,7,1
10/30/2019,41,30,27,5,10/3/2019,25,20,8,1
10/29/2019,56,31,21,4,10/2/2019,48,14,10,1
10/28/2019,58,28,25,5,10/1/2019,33,44,13,2
10/27/2019,50,35,24,5,9/30/2019,23,35,13,1
10/26/2019,41,31,8,2,9/29/2019,34,25,8,1
10/25/2019,43,35,25,5,9/28/2019,38,29,7,2
10/24/2019,57,35,34,8,9/27/2019,25,37,6,2
10/23/2019,56,35,39,9,9/26/2019,46,29,15,1
10/22/2019,44,37,38,8,9/25/2019,35,32,12,2
10/21/2019,34,37,30,6,9/24/2019,20,31,NaN,2
10/20/2019,51,38,23,4,9/23/2019,47,23,NaN,1
10/19/2019,52,35,20,4,9/22/2019,60,24,18,NaN
10/18/2019,50,33,21,5,9/21/2019,55,NaN,NaN,NaN
10/17/2019,63,32,18,4,9/20/2019,46,NaN,NaN,NaN
10/16/2019,55,37,19,3,9/19/2019,26,NaN,NaN,NaN
10/15/2019,67,35,30,5,9/18/2019,21,NaN,NaN,NaN
10/14/2019,58,38,25,6,9/17/2019,19,NaN,NaN,NaN
10/13/2019,70,36,16,3,9/16/2019,46,31,NaN,1
10/12/2019,71,40,21,6,9/15/2019,30,28,18,2
10/11/2019,48,53,22,6,9/14/2019,27,34,10,1
10/10/2019,55,39,27,6,9/13/2019,18,24,12,1
10/9/2019,58,34,15,3,9/12/2019,45,21,8,1
10/8/2019,60,35,12,2,9/11/2019,44,27,10,2
10/7/2019,58,32,24,6,9/10/2019,26,35,14,3
10/6/2019,61,46,26,6,9/9/2019,23,NaN,13,NaN
10/5/2019,58,73,22,6,9/8/2019,41,NaN,10,NaN
10/4/2019,56,55,23,5,9/7/2019,27,NaN,8,NaN
10/3/2019,52,41,21,5,9/6/2019,13,NaN,6,NaN
10/2/2019,51,42,24,6,9/5/2019,23,NaN,9,NaN
10/1/2019,44,43,20,5,9/4/2019,44,NaN,8,NaN
9/30/2019,54,34,16,4,9/3/2019,39,NaN,12,NaN
9/29/2019,32,31,16,4,9/2/2019,27,NaN,9,NaN
9/28/2019,26,32,7,2,9/1/2019,20,NaN,7,NaN
9/27/2019,41,21,9,2,8/31/2019,23,NaN,5,NaN
9/26/2019,54,24,6,1,8/30/2019,40,NaN,6,NaN
9/25/2019,59,22,9,2,8/29/2019,22,NaN,16,NaN
9/24/2019,NaN,37,15,3,8/28/2019,22,NaN,7,NaN
9/23/2019,NaN,32,20,6,8/27/2019,25,NaN,10,NaN
9/22/2019,NaN,36,16,4,8/26/2019,17,5,13,4
9/21/2019,NaN,49,18,5,8/25/2019,12,31,9,1
9/20/2019,NaN,52,17,4,8/24/2019,13,26,5,1
9/19/2019,46,32,15,3,8/23/2019,23,26,7,1
9/18/2019,52,28,11,2,8/22/2019,35,24,18,2
9/17/2019,64,24,15,4,8/21/2019,30,49,13,2
9/16/2019,61,34,15,4,8/20/2019,26,40,7,2
9/15/2019,74,35,15,4,8/19/2019,29,NaN,17,NaN
9/14/2019,60,40,18,6,8/18/2019,26,NaN,22,NaN
9/13/2019,61,64,20,6,8/17/2019,16,NaN,13,NaN
9/12/2019,66,49,21,5,8/16/2019,24,NaN,11,NaN
9/11/2019,61,37,19,5,8/15/2019,53,NaN,12,NaN
9/10/2019,48,38,13,3,8/14/2019,69,NaN,11,NaN
9/9/2019,55,32,8,2,8/13/2019,55,NaN,14,NaN
9/8/2019,46,31,13,4,8/12/2019,37,NaN,16,NaN
9/7/2019,51,31,10,3,8/11/2019,21,NaN,15,NaN
9/6/2019,53,34,16,4,8/10/2019,18,NaN,6,NaN
9/5/2019,55,37,17,4,8/9/2019,33,NaN,6,NaN
9/4/2019,46,33,18,4,8/8/2019,47,NaN,10,NaN
9/3/2019,52,37,19,5,8/7/2019,45,NaN,11,NaN
9/2/2019,54,32,16,4,8/6/2019,46,NaN,15,NaN
9/1/2019,62,39,12,3,8/5/2019,38,NaN,13,NaN
8/31/2019,63,46,15,4,8/4/2019,37,NaN,11,NaN
8/30/2019,57,47,16,4,8/3/2019,34,NaN,9,NaN
8/29/2019,52,41,20,4,8/2/2019,43,NaN,9,NaN
8/28/2019,53,39,14,3,8/1/2019,40,NaN,19,NaN
8/27/2019,51,31,11,2,7/31/2019,91,NaN,14,NaN
8/26/2019,51,33,16,4,7/30/2019,95,NaN,23,NaN
8/25/2019,48,35,18,5,7/29/2019,88,NaN,15,NaN
8/24/2019,55,40,11,3,7/28/2019,65,NaN,11,NaN
8/23/2019,56,43,13,3,7/27/2019,49,NaN,8,NaN
8/22/2019,60,34,10,2,7/26/2019,46,NaN,17,NaN
8/21/2019,55,30,16,2,7/25/2019,42,NaN,17,NaN
8/20/2019,52,46,22,3,7/24/2019,31,NaN,13,NaN
8/19/2019,54,40,19,3,7/23/2019,12,15,10,1
8/18/2019,45,36,12,2,7/22/2019,34,23,12,2
8/17/2019,46,32,5,1,7/21/2019,54,42,13,2
8/16/2019,62,34,6,1,7/20/2019,57,36,8,2
8/15/2019,62,33,13,2,7/19/2019,52,42,10,2
8/14/2019,59,39,14,3,7/18/2019,42,57,11,2
8/13/2019,68,44,13,3,7/17/2019,55,25,14,2
8/12/2019,55,28,11,2,7/16/2019,45,62,17,2
8/11/2019,42,34,12,2,7/15/2019,22,NaN,18,NaN
8/10/2019,51,34,8,2,7/14/2019,35,NaN,7,NaN
8/9/2019,64,34,14,3,7/13/2019,35,NaN,6,NaN
8/8/2019,65,45,17,4,7/12/2019,28,NaN,5,NaN
8/7/2019,65,37,13,3,7/11/2019,40,NaN,8,NaN
8/6/2019,59,36,12,3,7/10/2019,65,NaN,13,NaN
8/5/2019,54,39,14,3,7/9/2019,49,500,14,NaN
8/4/2019,55,37,12,4,7/8/2019,47,500,11,NaN
8/3/2019,60,42,11,3,7/7/2019,41,500,9,NaN
8/2/2019,58,43,17,4,7/6/2019,38,500,6,NaN
8/1/2019,55,39,17,4,7/5/2019,56,500,9,NaN
7/31/2019,65,39,14,3,7/4/2019,84,500,9,NaN
7/30/2019,66,35,7,2,7/3/2019,57,500,16,NaN
7/29/2019,67,40,11,2,7/2/2019,49,500,11,NaN
7/28/2019,60,37,14,3,7/1/2019,19,500,10,NaN
7/27/2019,59,34,10,3,6/30/2019,21,500,5,1
7/26/2019,64,41,16,4,6/29/2019,48,500,3,1
7/25/2019,60,39,19,3,6/28/2019,41,500,4,2
7/24/2019,55,42,20,4,6/27/2019,35,500,6,2
7/23/2019,54,42,17,4,6/26/2019,46,500,1,1
7/22/2019,57,44,15,3,6/25/2019,56,500,5,2
7/21/2019,43,36,13,3,6/24/2019,49,500,2,2
7/20/2019,51,32,5,2,6/23/2019,19,500,4,2
7/19/2019,43,33,6,2,6/22/2019,17,500,NaN,1
7/18/2019,53,26,9,2,6/21/2019,18,500,3,1
7/17/2019,60,30,9,2,6/20/2019,39,500,2,1
7/16/2019,72,31,10,2,6/19/2019,24,500,3,3
7/15/2019,71,39,22,5,6/18/2019,43,500,NaN,2
7/14/2019,67,40,17,4,6/17/2019,40,500,NaN,3
7/13/2019,68,45,7,2,6/16/2019,39,500,3,2
7/12/2019,67,50,15,3,6/15/2019,25,500,5,NaN
7/11/2019,65,42,17,3,6/14/2019,18,500,5,NaN
7/10/2019,59,37,17,4,6/13/2019,12,500,2,NaN
7/9/2019,60,39,10,3,6/12/2019,17,500,NaN,NaN
7/8/2019,53,39,8,2,6/11/2019,12,500,1,NaN
7/7/2019,55,32,7,1,6/10/2019,32,500,NaN,1
7/6/2019,64,37,5,2,6/9/2019,17,500,1,1
7/5/2019,97,37,7,2,6/8/2019,26,500,3,1
7/4/2019,73,35,9,2,6/7/2019,43,500,3,2
7/3/2019,61,36,5,1,6/6/2019,28,500,10,2
7/2/2019,61,34,10,2,6/5/2019,45,500,7,2
7/1/2019,58,39,13,2,6/4/2019,15,500,18,2
6/30/2019,55,37,15,3,6/3/2019,11,500,6,NaN
6/29/2019,55,41,12,3,6/2/2019,44,500,6,NaN
6/28/2019,55,41,14,3,6/1/2019,48,500,11,2
6/27/2019,51,39,11,2,5/31/2019,40,500,13,3
6/26/2019,43,39,9,2,5/30/2019,21,500,13,2
6/25/2019,51,35,8,2,5/29/2019,22,500,17,2
6/24/2019,54,25,10,2,5/28/2019,40,500,15,1
6/23/2019,47,33,9,2,5/27/2019,22,500,17,NaN
6/22/2019,34,35,3,1,5/26/2019,30,500,5,NaN
6/21/2019,26,32,4,1,5/25/2019,11,500,5,NaN
6/20/2019,48,21,8,1,5/24/2019,13,500,6,NaN
6/19/2019,51,27,9,2,5/23/2019,24,500,5,NaN
6/18/2019,51,38,7,2,5/22/2019,16,500,19,NaN
6/17/2019,44,30,10,2,5/21/2019,11,486,10,NaN
6/16/2019,61,25,11,2,5/20/2019,45,500,5,NaN
6/15/2019,58,33,6,2,5/19/2019,33,500,15,NaN
6/14/2019,56,35,6,2,5/18/2019,32,500,11,NaN
6/13/2019,68,27,8,2,5/17/2019,54,500,6,NaN
6/12/2019,67,33,10,2,5/16/2019,36,500,24,NaN
6/11/2019,59,35,16,3,5/15/2019,19,500,18,NaN
6/10/2019,57,54,19,3,5/14/2019,18,500,10,NaN
6/9/2019,63,51,18,4,5/13/2019,8,500,15,NaN
6/8/2019,56,46,10,2,5/12/2019,5,500,13,NaN
6/7/2019,50,39,9,2,5/11/2019,12,500,7,NaN
6/6/2019,61,35,9,2,5/10/2019,21,500,8,NaN
6/5/2019,71,37,10,2,5/9/2019,15,500,19,NaN
6/4/2019,65,33,13,2,5/8/2019,33,500,10,NaN
6/3/2019,47,32,11,2,5/7/2019,27,500,2,NaN
6/2/2019,40,32,8,2,5/6/2019,20,500,5,NaN
6/1/2019,47,30,4,1,5/5/2019,11,500,11,NaN
5/31/2019,70,30,7,1,5/4/2019,49,500,8,NaN
5/30/2019,70,35,12,2,5/3/2019,28,500,21,NaN
5/29/2019,53,34,14,2,5/2/2019,42,500,16,NaN
5/28/2019,46,27,15,3,5/1/2019,20,500,20,NaN
5/27/2019,33,29,12,3,4/30/2019,42,391,16,NaN
5/26/2019,33,32,6,1,4/29/2019,15,500,21,NaN
5/25/2019,43,31,4,1,4/28/2019,13,500,13,1
5/24/2019,44,30,9,2,4/27/2019,22,500,10,1
5/23/2019,48,28,11,3,4/26/2019,24,364,6,1
5/22/2019,33,17,13,2,4/25/2019,19,500,12,1
5/21/2019,38,29,11,1,4/24/2019,27,500,15,2
5/20/2019,28,30,7,1,4/23/2019,32,500,9,1
5/19/2019,28,34,5,1,4/22/2019,30,500,17,2
5/18/2019,45,33,3,1,4/21/2019,26,500,3,NaN
5/17/2019,41,34,10,2,4/20/2019,28,500,NaN,NaN
5/16/2019,34,27,11,2,4/19/2019,35,500,18,1
5/15/2019,56,32,9,1,4/18/2019,116,88,14,1
5/14/2019,68,24,9,1,4/17/2019,33,146,13,1
5/13/2019,50,37,9,2,4/16/2019,13,500,22,1
5/12/2019,46,33,9,1,4/15/2019,25,268,7,1
5/11/2019,39,35,7,2,4/14/2019,22,500,26,1
5/10/2019,31,31,10,3,4/13/2019,39,500,19,1
5/9/2019,35,19,14,2,4/12/2019,34,500,9,NaN
5/8/2019,29,21,12,2,4/11/2019,22,500,18,NaN
5/7/2019,27,24,8,1,4/10/2019,12,500,16,NaN
5/6/2019,27,22,9,1,4/9/2019,15,316,11,NaN
5/5/2019,53,28,5,1,4/8/2019,30,500,17,NaN
5/4/2019,69,35,4,1,4/7/2019,40,500,25,NaN
5/3/2019,63,40,7,2,4/6/2019,40,500,26,NaN
5/2/2019,59,39,12,2,4/5/2019,21,500,14,NaN
5/1/2019,43,31,14,3,4/4/2019,25,500,15,NaN
4/30/2019,29,31,9,2,4/3/2019,29,500,11,NaN
4/29/2019,36,30,5,1,4/2/2019,23,500,10,NaN
4/28/2019,58,25,7,1,4/1/2019,18,500,18,NaN
4/27/2019,66,31,7,1,3/31/2019,41,500,9,NaN
4/26/2019,71,33,8,2,3/30/2019,49,500,11,NaN
4/25/2019,74,32,13,2,3/29/2019,50,500,24,NaN
4/24/2019,69,33,15,2,3/28/2019,27,500,36,NaN
4/23/2019,70,34,17,3,3/27/2019,31,500,19,NaN
4/22/2019,56,31,17,4,3/26/2019,23,481,15,NaN
4/21/2019,34,30,15,3,3/25/2019,41,500,11,NaN
4/20/2019,45,37,5,1,3/24/2019,27,500,14,NaN
4/19/2019,68,32,5,1,3/23/2019,31,500,12,NaN
4/18/2019,57,35,14,3,3/22/2019,24,392,8,NaN
4/17/2019,49,43,20,5,3/21/2019,23,500,4,NaN
4/16/2019,46,33,15,3,3/20/2019,43,500,21,NaN
4/15/2019,50,27,9,1,3/19/2019,34,500,31,NaN
4/14/2019,51,30,13,3,3/18/2019,27,500,22,NaN
4/13/2019,50,42,14,3,3/17/2019,20,500,24,NaN
4/12/2019,44,37,16,3,3/16/2019,23,337,8,NaN
4/11/2019,44,33,15,2,3/15/2019,53,237,7,NaN
4/10/2019,17,27,21,3,3/14/2019,34,500,27,NaN
4/9/2019,42,39,2,1,3/13/2019,43,500,26,NaN
4/8/2019,52,37,14,3,3/12/2019,31,500,30,NaN
4/7/2019,50,37,23,5,3/11/2019,28,477,9,NaN
4/6/2019,32,38,14,4,3/10/2019,32,500,13,NaN
4/5/2019,16,28,9,2,3/9/2019,48,500,21,NaN
4/4/2019,24,26,8,2,3/8/2019,39,500,24,NaN
4/3/2019,22,24,11,1,3/7/2019,38,500,NaN,NaN
4/2/2019,44,23,7,1,3/6/2019,38,500,7,NaN
4/1/2019,42,35,13,2,3/5/2019,39,500,6,NaN
3/31/2019,40,40,22,4,3/4/2019,38,500,7,NaN
3/30/2019,42,52,15,3,3/3/2019,48,500,6,NaN
3/29/2019,44,41,18,4,3/2/2019,46,500,20,NaN
3/28/2019,28,30,18,4,3/1/2019,40,500,20,NaN
3/27/2019,43,30,11,3,2/28/2019,35,500,19,NaN
3/26/2019,52,22,11,2,2/27/2019,18,500,16,NaN
3/25/2019,55,33,20,4,2/26/2019,39,422,12,NaN
3/24/2019,49,36,17,4,2/25/2019,43,481,9,NaN
3/23/2019,42,37,9,3,2/24/2019,27,500,7,NaN
3/22/2019,38,28,11,2,2/23/2019,39,500,16,NaN
3/21/2019,32,33,13,3,2/22/2019,45,500,19,NaN
3/20/2019,34,29,16,3,2/21/2019,36,500,14,NaN
3/19/2019,67,30,10,2,2/20/2019,27,500,20,NaN
3/18/2019,54,32,18,4,2/19/2019,27,500,NaN,NaN
3/17/2019,38,41,22,4,2/18/2019,32,500,5,NaN
3/16/2019,35,40,16,3,2/17/2019,12,500,6,NaN
3/15/2019,28,39,25,5,2/16/2019,28,500,6,NaN
3/14/2019,36,34,26,5,2/15/2019,51,500,2,NaN
3/13/2019,42,37,23,5,2/14/2019,48,500,NaN,NaN
3/12/2019,40,32,15,3,2/13/2019,55,500,6,NaN
3/11/2019,37,28,15,2,2/12/2019,23,500,4,NaN
3/10/2019,38,27,17,3,2/11/2019,47,386,NaN,NaN
3/9/2019,29,30,11,3,2/10/2019,29,500,NaN,NaN
3/8/2019,20,29,10,2,2/9/2019,40,500,NaN,NaN
3/7/2019,20,32,8,2,2/8/2019,41,500,3,NaN
3/6/2019,28,28,10,2,2/7/2019,33,500,4,NaN
3/5/2019,46,19,14,2,2/6/2019,29,500,NaN,NaN
3/4/2019,20,23,22,4,2/5/2019,71,500,5,NaN
3/3/2019,21,23,11,3,2/4/2019,68,500,NaN,NaN
3/2/2019,27,25,4,1,2/3/2019,70,500,NaN,NaN
3/1/2019,48,20,11,2,2/2/2019,60,500,7,NaN
2/28/2019,46,21,12,2,2/1/2019,49,NaN,NaN,NaN
2/27/2019,52,18,13,2,1/31/2019,64,NaN,NaN,NaN
2/26/2019,63,26,15,3,1/30/2019,52,NaN,NaN,NaN
2/25/2019,54,24,25,6,1/29/2019,50,NaN,NaN,NaN
2/24/2019,44,28,25,6,1/28/2019,44,NaN,NaN,NaN
2/23/2019,34,34,18,4,1/27/2019,45,NaN,NaN,NaN
2/22/2019,31,32,17,3,1/26/2019,44,NaN,NaN,NaN
2/21/2019,27,27,23,3,1/25/2019,48,NaN,NaN,NaN
2/20/2019,33,26,15,2,1/24/2019,39,NaN,NaN,NaN
2/19/2019,24,23,19,3,1/23/2019,46,NaN,NaN,NaN
2/18/2019,13,29,16,4,1/22/2019,51,NaN,NaN,NaN
2/17/2019,19,26,8,2,1/21/2019,49,NaN,NaN,NaN
2/16/2019,20,30,4,2,1/20/2019,34,NaN,NaN,NaN
2/15/2019,29,30,5,2,1/19/2019,43,NaN,NaN,NaN
2/14/2019,23,26,13,4,1/18/2019,58,NaN,NaN,NaN
2/13/2019,33,22,11,3,1/17/2019,33,NaN,NaN,NaN
2/12/2019,33,23,22,4,1/16/2019,64,NaN,NaN,NaN
2/11/2019,25,24,27,6,1/15/2019,58,NaN,NaN,NaN
2/10/2019,22,25,17,4,1/14/2019,47,NaN,NaN,NaN
2/9/2019,35,32,7,2,1/13/2019,40,NaN,NaN,NaN
2/8/2019,45,29,14,3,1/12/2019,42,NaN,NaN,NaN
2/7/2019,39,26,23,4,1/11/2019,42,NaN,NaN,NaN
2/6/2019,14,24,22,4,1/10/2019,45,NaN,NaN,NaN
2/5/2019,16,28,6,2,1/9/2019,47,NaN,NaN,NaN
2/4/2019,24,28,10,2,1/8/2019,53,NaN,NaN,NaN
2/3/2019,24,25,13,2,1/7/2019,33,NaN,NaN,NaN
2/2/2019,20,24,9,2,1/6/2019,51,NaN,NaN,NaN
2/1/2019,38,23,9,2,1/5/2019,44,NaN,NaN,NaN
1/31/2019,55,20,17,4,1/4/2019,64,NaN,NaN,NaN
1/30/2019,67,14,19,4,1/3/2019,49,NaN,NaN,NaN
1/29/2019,92,20,22,5,1/2/2019,62,NaN,NaN,NaN
1/28/2019,76,20,34,11,1/1/2019,40,NaN,NaN,NaN
1/27/2019,40,12,37,9,,,,,
1/26/2019,36,28,23,6,,,,,
1/25/2019,35,23,27,6,,,,,
1/24/2019,41,19,30,7,,,,,
1/23/2019,38,18,28,8,,,,,
1/22/2019,28,18,26,6,,,,,
1/21/2019,17,19,19,5,,,,,
1/20/2019,32,31,4,1,,,,,
1/19/2019,44,19,14,4,,,,,
1/18/2019,51,24,16,5,,,,,
1/17/2019,23,17,17,5,,,,,
1/16/2019,21,18,12,2,,,,,
1/15/2019,25,20,12,2,,,,,
1/14/2019,28,25,14,2,,,,,
1/13/2019,30,17,13,2,,,,,
1/12/2019,32,23,15,4,,,,,
1/11/2019,70,22,14,3,,,,,
1/10/2019,51,13,21,6,,,,,
1/9/2019,55,17,20,6,,,,,
1/8/2019,36,17,24,7,,,,,
1/7/2019,30,15,21,6,,,,,
1/6/2019,35,19,14,3,,,,,
1/5/2019,66,27,9,2,,,,,
1/4/2019,60,20,25,8,,,,,
1/3/2019,41,10,32,9,,,,,
1/2/2019,42,18,27,6,,,,,
1/1/2019,65,20,24,5,,,,,
